{"stats":{"minecraft:custom":{"minecraft:time_since_rest":79274,"minecraft:damage_absorbed":200,"minecraft:sprint_one_cm":517896,"minecraft:damage_taken":4630,"minecraft:walk_one_cm":482673,"minecraft:drop":15,"minecraft:damage_dealt":3811,"minecraft:damage_dealt_absorbed":80,"minecraft:fly_one_cm":6304759,"minecraft:player_kills":13,"minecraft:crouch_one_cm":30926,"minecraft:play_time":950879,"minecraft:deaths":14,"minecraft:sneak_time":21180,"minecraft:jump":6983,"minecraft:leave_game":12,"minecraft:time_since_death":79268,"minecraft:climb_one_cm":33808,"minecraft:total_world_time":950879,"minecraft:damage_resisted":20433,"minecraft:fall_one_cm":89005},"minecraft:picked_up":{"minecraft:golden_helmet":3,"minecraft:black_carpet":10,"minecraft:stone_pressure_plate":1,"minecraft:armor_stand":1,"minecraft:cactus":635,"minecraft:wheat_seeds":55,"minecraft:honey_block":3,"minecraft:golden_apple":1,"minecraft:glass_bottle":1},"minecraft:mined":{"minecraft:grass":52,"minecraft:honey_block":1},"minecraft:killed_by":{"minecraft:player":5},"minecraft:dropped":{"minecraft:vine":1,"minecraft:golden_helmet":1,"minecraft:stone_sword":1,"minecraft:black_carpet":2,"minecraft:honey_block":1,"extendedslabs:light_gray_concrete_stairs":1,"minecraft:sandstone_stairs":1,"minecraft:blue_wool":1,"extendedslabs:blue_wool_stairs":1,"minecraft:sandstone_slab":1,"extendedslabs:vertical_spruce_wood_slab":64,"minecraft:stone_bricks":1,"minecraft:sandstone":1,"minecraft:black_concrete":1,"minecraft:light_gray_concrete":1},"minecraft:used":{"minecraft:dead_fire_coral_fan":4,"minecraft:honey_block":6,"extendedslabs:white_concrete_powder_stairs":1,"minecraft:wooden_axe":3,"minecraft:lever":2,"minecraft:light":68,"minecraft:black_wool":13,"minecraft:black_concrete":19,"minecraft:stone_sword":71,"minecraft:sandstone_stairs":175,"minecraft:light_gray_concrete":421,"extendedslabs:oak_wood_stairs":1,"extendedslabs:blue_wool_stairs":17,"minecraft:oak_button":2,"minecraft:blue_wool":54,"minecraft:black_carpet":55,"minecraft:cactus":163,"minecraft:sandstone":1125,"extendedslabs:birch_wood_slab":1,"extendedslabs:white_concrete_stairs":57,"minecraft:stone_bricks":1,"minecraft:golden_helmet":5,"minecraft:jungle_sign":1,"minecraft:golden_apple":6,"minecraft:sand":35,"minecraft:terracotta":93,"minecraft:vine":604,"minecraft:dead_horn_coral_fan":6,"minecraft:chain_command_block":1,"minecraft:sandstone_slab":279,"minecraft:repeating_command_block":6,"minecraft:light_gray_concrete_powder":1,"minecraft:white_concrete":352,"extendedslabs:light_gray_concrete_stairs":732,"minecraft:stone_pressure_plate":25,"extendedslabs:light_gray_concrete_slab":31,"extendedslabs:vertical_lime_concrete_slab":10}},"DataVersion":3465}