{"stats":{"minecraft:dropped":{"minecraft:iron_ingot":1,"minecraft:vine":1,"minecraft:brown_dye":1,"minecraft:black_dye":1,"minecraft:orange_dye":1,"minecraft:golden_helmet":1,"minecraft:stone_sword":1,"minecraft:nether_brick":1,"minecraft:black_carpet":2,"minecraft:pink_dye":2,"minecraft:cyan_dye":3,"minecraft:sandstone_stairs":1,"minecraft:blue_wool":1,"minecraft:raw_iron":1,"minecraft:sandstone_slab":1,"minecraft:dark_oak_slab":1,"extendedslabs:vertical_spruce_wood_slab":64,"minecraft:light_gray_carpet":1,"minecraft:lime_dye":2,"minecraft:green_concrete":1,"minecraft:saddle":1,"minecraft:light_gray_concrete":1,"minecraft:white_terracotta":1,"minecraft:coal":2,"minecraft:stick":1,"minecraft:heavy_weighted_pressure_plate":1,"minecraft:yellow_dye":1,"minecraft:green_dye":2,"extendedslabs:light_gray_concrete_stairs":1,"minecraft:honey_block":1,"extendedslabs:blue_wool_stairs":1,"minecraft:stone_bricks":1,"minecraft:white_dye":2,"minecraft:sandstone":1,"minecraft:red_dye":2,"minecraft:magenta_dye":1,"minecraft:black_concrete":1,"minecraft:gray_dye":1,"minecraft:smooth_sandstone":1,"minecraft:gold_ingot":1},"minecraft:killed_by":{"minecraft:player":16},"minecraft:used":{"minecraft:light_blue_carpet":31,"minecraft:oak_fence":11,"extendedslabs:red_terracotta_stairs":41,"minecraft:dark_oak_stairs":64,"extendedslabs:white_concrete_slab":47,"minecraft:stone_sword":130,"minecraft:sandstone_stairs":175,"minecraft:dead_bush":14,"minecraft:armor_stand":1,"minecraft:prismarine":14,"minecraft:oak_planks":175,"minecraft:cactus":163,"minecraft:blue_wool":54,"minecraft:black_carpet":55,"framedblocks:framed_stairs":2,"minecraft:white_terracotta":4,"minecraft:sandstone":1416,"minecraft:redstone_block":1,"minecraft:spruce_fence_gate":5,"extendedslabs:black_concrete_slab":87,"minecraft:white_wool":24,"minecraft:golden_apple":9,"minecraft:sand":82,"minecraft:yellow_terracotta":35,"minecraft:terracotta":169,"minecraft:vine":717,"minecraft:light_blue_concrete":119,"minecraft:oak_slab":8,"minecraft:red_bed":18,"minecraft:yellow_carpet":3,"minecraft:white_bed":2,"minecraft:crossbow":1,"extendedslabs:lime_concrete_stairs":89,"minecraft:light_gray_concrete_powder":1,"minecraft:oak_wood":305,"extendedslabs:light_gray_concrete_stairs":732,"minecraft:stone_brick_wall":176,"extendedslabs:lime_concrete_slab":53,"extendedslabs:light_gray_concrete_slab":40,"minecraft:oak_fence_gate":11,"minecraft:dark_oak_planks":15,"extendedslabs:white_concrete_powder_stairs":1,"minecraft:oak_log":38,"minecraft:wooden_axe":3,"minecraft:dead_fire_coral_fan":8,"minecraft:light":91,"minecraft:lever":2,"minecraft:green_concrete":11,"minecraft:honey_block":6,"minecraft:black_wool":13,"minecraft:black_concrete":25,"extendedslabs:lime_wool_stairs":1,"minecraft:mangrove_pressure_plate":1,"minecraft:heavy_weighted_pressure_plate":4,"minecraft:light_gray_concrete":484,"extendedslabs:oak_wood_stairs":1,"minecraft:oak_stairs":24,"minecraft:grass_block":156,"extendedslabs:blue_wool_stairs":17,"minecraft:oak_button":2,"minecraft:barrier":223,"minecraft:smooth_sandstone":1,"minecraft:quartz_block":7,"minecraft:red_terracotta":64,"minecraft:dark_oak_slab":125,"extendedslabs:birch_wood_slab":1,"extendedslabs:white_concrete_stairs":57,"minecraft:stone_bricks":1,"minecraft:golden_helmet":14,"extendedslabs:lime_concrete_corner":4,"minecraft:jungle_sign":1,"extendedslabs:acacia_wood_slab":6,"minecraft:lime_concrete":4,"minecraft:dead_horn_coral_fan":10,"minecraft:purple_bed":4,"minecraft:crimson_stairs":1,"minecraft:sandstone_slab":279,"minecraft:chain_command_block":1,"minecraft:crimson_pressure_plate":1,"minecraft:repeating_command_block":6,"minecraft:end_portal_frame":1,"minecraft:stone_pressure_plate":70,"minecraft:stripped_oak_log":91,"minecraft:white_concrete":501,"extendedslabs:vertical_lime_concrete_slab":46,"minecraft:brown_bed":1,"minecraft:pointed_dripstone":440},"minecraft:picked_up":{"minecraft:black_carpet":10,"minecraft:yellow_dye":1,"minecraft:nether_brick":1,"minecraft:magenta_dye":1,"minecraft:heavy_weighted_pressure_plate":1,"minecraft:armor_stand":8,"minecraft:smooth_sandstone":1,"minecraft:wheat_seeds":56,"minecraft:iron_ingot":1,"minecraft:red_dye":2,"minecraft:glass_bottle":1,"minecraft:green_dye":2,"minecraft:orange_dye":1,"minecraft:raw_iron":1,"minecraft:golden_helmet":3,"minecraft:stick":82,"minecraft:white_dye":1,"minecraft:gray_dye":1,"minecraft:brown_dye":1,"minecraft:stone_pressure_plate":4,"minecraft:black_dye":1,"minecraft:lime_dye":2,"minecraft:cactus":659,"minecraft:honey_block":3,"minecraft:golden_apple":1,"minecraft:white_terracotta":1,"minecraft:gold_ingot":1,"minecraft:cyan_dye":2,"minecraft:light_gray_carpet":1,"minecraft:pink_dye":2,"minecraft:coal":2},"minecraft:custom":{"minecraft:leave_game":19,"minecraft:time_since_death":85188,"minecraft:climb_one_cm":60886,"minecraft:damage_resisted":79830,"minecraft:time_since_rest":85195,"minecraft:walk_one_cm":1141949,"minecraft:damage_taken":13461,"minecraft:sprint_one_cm":1098178,"minecraft:damage_absorbed":320,"minecraft:drop":48,"minecraft:damage_dealt":9160,"minecraft:damage_dealt_absorbed":280,"minecraft:fly_one_cm":11471936,"minecraft:player_kills":40,"minecraft:crouch_one_cm":65483,"minecraft:play_time":2045859,"minecraft:deaths":38,"minecraft:sneak_time":40432,"minecraft:jump":12020,"minecraft:total_world_time":2045859,"minecraft:fall_one_cm":212903},"minecraft:mined":{"minecraft:honey_block":1,"minecraft:structure_void":1,"minecraft:grass":53}},"DataVersion":3465}