{"stats":{"minecraft:mined":{"minecraft:honey_block":1,"minecraft:structure_void":1,"minecraft:grass":53},"minecraft:killed_by":{"minecraft:player":9},"minecraft:custom":{"minecraft:leave_game":15,"minecraft:time_since_death":18930,"minecraft:climb_one_cm":54844,"minecraft:damage_resisted":66187,"minecraft:time_since_rest":18936,"minecraft:walk_one_cm":939659,"minecraft:damage_taken":9183,"minecraft:sprint_one_cm":916258,"minecraft:damage_absorbed":200,"minecraft:drop":19,"minecraft:damage_dealt":6179,"minecraft:damage_dealt_absorbed":80,"minecraft:player_kills":25,"minecraft:fly_one_cm":9705100,"minecraft:crouch_one_cm":61161,"minecraft:play_time":1740199,"minecraft:deaths":25,"minecraft:sneak_time":35375,"minecraft:jump":10736,"minecraft:total_world_time":1740199,"minecraft:fall_one_cm":157595},"minecraft:dropped":{"minecraft:vine":1,"minecraft:golden_helmet":1,"minecraft:stone_sword":1,"minecraft:black_carpet":2,"minecraft:sandstone_stairs":1,"minecraft:blue_wool":1,"minecraft:sandstone_slab":1,"minecraft:dark_oak_slab":1,"extendedslabs:vertical_spruce_wood_slab":64,"minecraft:green_concrete":1,"minecraft:light_gray_concrete":1,"minecraft:stick":1,"extendedslabs:light_gray_concrete_stairs":1,"minecraft:honey_block":1,"extendedslabs:blue_wool_stairs":1,"minecraft:stone_bricks":1,"minecraft:white_dye":1,"minecraft:sandstone":1,"minecraft:black_concrete":1},"minecraft:picked_up":{"minecraft:black_carpet":10,"minecraft:armor_stand":7,"minecraft:wheat_seeds":55,"minecraft:glass_bottle":1,"minecraft:golden_helmet":3,"minecraft:stone_pressure_plate":1,"minecraft:cactus":635,"minecraft:honey_block":3,"minecraft:golden_apple":1},"minecraft:used":{"minecraft:oak_fence":11,"extendedslabs:red_terracotta_stairs":41,"minecraft:dark_oak_stairs":64,"minecraft:stone_sword":76,"minecraft:sandstone_stairs":175,"minecraft:dead_bush":14,"minecraft:prismarine":14,"minecraft:oak_planks":175,"framedblocks:framed_stairs":2,"minecraft:blue_wool":54,"minecraft:black_carpet":55,"minecraft:cactus":163,"minecraft:sandstone":1290,"minecraft:redstone_block":1,"minecraft:white_wool":24,"minecraft:golden_apple":6,"minecraft:sand":82,"minecraft:yellow_terracotta":35,"minecraft:terracotta":169,"minecraft:vine":717,"minecraft:light_blue_concrete":119,"minecraft:oak_slab":8,"extendedslabs:lime_concrete_stairs":89,"minecraft:light_gray_concrete_powder":1,"minecraft:oak_wood":305,"extendedslabs:light_gray_concrete_stairs":732,"minecraft:stone_brick_wall":97,"extendedslabs:lime_concrete_slab":53,"extendedslabs:light_gray_concrete_slab":40,"minecraft:oak_fence_gate":10,"minecraft:dark_oak_planks":15,"minecraft:oak_log":38,"extendedslabs:white_concrete_powder_stairs":1,"minecraft:wooden_axe":3,"minecraft:dead_fire_coral_fan":4,"minecraft:light":91,"minecraft:lever":2,"minecraft:green_concrete":11,"minecraft:honey_block":6,"minecraft:black_wool":13,"minecraft:black_concrete":24,"extendedslabs:lime_wool_stairs":1,"minecraft:light_gray_concrete":453,"extendedslabs:oak_wood_stairs":1,"minecraft:oak_stairs":24,"minecraft:grass_block":156,"extendedslabs:blue_wool_stairs":17,"minecraft:oak_button":2,"minecraft:barrier":221,"minecraft:red_terracotta":64,"minecraft:dark_oak_slab":125,"extendedslabs:birch_wood_slab":1,"extendedslabs:white_concrete_stairs":57,"minecraft:stone_bricks":1,"minecraft:golden_helmet":14,"extendedslabs:lime_concrete_corner":4,"minecraft:jungle_sign":1,"minecraft:lime_concrete":4,"minecraft:dead_horn_coral_fan":6,"minecraft:sandstone_slab":279,"minecraft:chain_command_block":1,"minecraft:repeating_command_block":6,"minecraft:end_portal_frame":1,"minecraft:stone_pressure_plate":57,"minecraft:stripped_oak_log":91,"minecraft:white_concrete":501,"extendedslabs:vertical_lime_concrete_slab":46,"minecraft:pointed_dripstone":440}},"DataVersion":3465}