{"stats":{"minecraft:custom":{"minecraft:leave_game":13,"minecraft:time_since_death":94199,"minecraft:climb_one_cm":39072,"minecraft:damage_resisted":22473,"minecraft:time_since_rest":94205,"minecraft:walk_one_cm":553616,"minecraft:damage_taken":5670,"minecraft:sprint_one_cm":593336,"minecraft:damage_absorbed":200,"minecraft:drop":15,"minecraft:damage_dealt":3811,"minecraft:damage_dealt_absorbed":80,"minecraft:player_kills":13,"minecraft:fly_one_cm":7105021,"minecraft:crouch_one_cm":39116,"minecraft:play_time":1081594,"minecraft:deaths":17,"minecraft:sneak_time":25528,"minecraft:jump":8344,"minecraft:total_world_time":1081594,"minecraft:fall_one_cm":120759},"minecraft:picked_up":{"minecraft:black_carpet":10,"minecraft:armor_stand":1,"minecraft:wheat_seeds":55,"minecraft:glass_bottle":1,"minecraft:golden_helmet":3,"minecraft:stone_pressure_plate":1,"minecraft:cactus":635,"minecraft:honey_block":3,"minecraft:golden_apple":1},"minecraft:mined":{"minecraft:honey_block":1,"minecraft:grass":52},"minecraft:killed_by":{"minecraft:player":5},"minecraft:dropped":{"minecraft:vine":1,"minecraft:golden_helmet":1,"minecraft:stone_sword":1,"minecraft:black_carpet":2,"minecraft:sandstone_stairs":1,"minecraft:blue_wool":1,"minecraft:sandstone_slab":1,"extendedslabs:vertical_spruce_wood_slab":64,"minecraft:light_gray_concrete":1,"extendedslabs:light_gray_concrete_stairs":1,"minecraft:honey_block":1,"extendedslabs:blue_wool_stairs":1,"minecraft:stone_bricks":1,"minecraft:sandstone":1,"minecraft:black_concrete":1},"minecraft:used":{"minecraft:stone_sword":71,"minecraft:sandstone_stairs":175,"minecraft:dead_bush":14,"minecraft:prismarine":10,"minecraft:blue_wool":54,"minecraft:black_carpet":55,"minecraft:cactus":163,"minecraft:sandstone":1279,"minecraft:redstone_block":1,"minecraft:white_wool":24,"minecraft:golden_apple":6,"minecraft:sand":82,"minecraft:vine":604,"minecraft:terracotta":169,"minecraft:yellow_terracotta":32,"minecraft:light_blue_concrete":105,"extendedslabs:lime_concrete_stairs":89,"minecraft:oak_wood":113,"minecraft:light_gray_concrete_powder":1,"extendedslabs:light_gray_concrete_stairs":732,"extendedslabs:lime_concrete_slab":53,"extendedslabs:light_gray_concrete_slab":31,"minecraft:light":68,"minecraft:dead_fire_coral_fan":4,"minecraft:wooden_axe":3,"extendedslabs:white_concrete_powder_stairs":1,"minecraft:lever":2,"minecraft:green_concrete":11,"minecraft:honey_block":6,"minecraft:black_concrete":19,"minecraft:black_wool":13,"extendedslabs:lime_wool_stairs":1,"minecraft:light_gray_concrete":421,"extendedslabs:oak_wood_stairs":1,"extendedslabs:blue_wool_stairs":17,"minecraft:oak_button":2,"extendedslabs:birch_wood_slab":1,"extendedslabs:white_concrete_stairs":57,"minecraft:stone_bricks":1,"minecraft:golden_helmet":14,"extendedslabs:lime_concrete_corner":4,"minecraft:jungle_sign":1,"minecraft:lime_concrete":4,"minecraft:dead_horn_coral_fan":6,"minecraft:sandstone_slab":279,"minecraft:chain_command_block":1,"minecraft:repeating_command_block":6,"minecraft:stone_pressure_plate":25,"minecraft:white_concrete":501,"extendedslabs:vertical_lime_concrete_slab":46,"minecraft:pointed_dripstone":440}},"DataVersion":3465}