{"stats":{"minecraft:killed_by":{"minecraft:player":16},"minecraft:dropped":{"minecraft:iron_ingot":1,"minecraft:vine":1,"minecraft:black_dye":1,"minecraft:orange_dye":1,"minecraft:golden_helmet":1,"minecraft:cyan_dye":3,"minecraft:sandstone_stairs":1,"minecraft:dark_oak_slab":1,"minecraft:sandstone_slab":1,"minecraft:saddle":1,"minecraft:coal":2,"minecraft:stick":1,"minecraft:green_dye":2,"minecraft:yellow_dye":1,"extendedslabs:blue_wool_stairs":1,"minecraft:red_dye":2,"minecraft:black_concrete":1,"minecraft:smooth_sandstone":1,"minecraft:gray_dye":1,"minecraft:gold_ingot":1,"minecraft:blue_terracotta":1,"minecraft:pink_terracotta":1,"minecraft:brown_dye":1,"minecraft:stone_sword":1,"minecraft:nether_brick":1,"minecraft:light_gray_terracotta":1,"minecraft:black_carpet":2,"minecraft:pink_dye":2,"minecraft:blue_wool":1,"minecraft:raw_iron":1,"extendedslabs:vertical_spruce_wood_slab":64,"minecraft:green_concrete":1,"minecraft:lime_dye":2,"minecraft:light_gray_carpet":1,"minecraft:light_gray_concrete":1,"minecraft:white_terracotta":1,"minecraft:honey_bottle":1,"minecraft:heavy_weighted_pressure_plate":1,"extendedslabs:light_gray_concrete_stairs":1,"minecraft:honey_block":1,"minecraft:stone_bricks":1,"minecraft:white_dye":2,"minecraft:sandstone":1,"minecraft:magenta_dye":1},"minecraft:custom":{"minecraft:time_since_death":6921,"minecraft:leave_game":22,"minecraft:climb_one_cm":62352,"minecraft:damage_resisted":88449,"minecraft:sprint_one_cm":1156497,"minecraft:walk_one_cm":1204353,"minecraft:drop":52,"minecraft:damage_dealt_absorbed":280,"minecraft:play_time":2172571,"minecraft:deaths":41,"minecraft:sneak_time":42077,"minecraft:jump":12324,"minecraft:total_world_time":2172571,"minecraft:time_since_rest":6927,"minecraft:damage_taken":13521,"minecraft:damage_absorbed":320,"minecraft:damage_dealt":9403,"minecraft:fly_one_cm":12152427,"minecraft:player_kills":41,"minecraft:crouch_one_cm":69364,"minecraft:fall_one_cm":225395},"minecraft:used":{"minecraft:oak_fence":11,"minecraft:blue_terracotta":2,"extendedslabs:white_concrete_slab":47,"minecraft:stone_sword":130,"minecraft:dead_bush":14,"minecraft:armor_stand":1,"minecraft:black_carpet":55,"framedblocks:framed_stairs":2,"minecraft:white_terracotta":5,"minecraft:yellow_carpet":3,"minecraft:oak_wood":305,"minecraft:pink_terracotta":1,"extendedslabs:light_gray_concrete_stairs":732,"minecraft:oak_fence_gate":11,"minecraft:milk_bucket":5,"minecraft:honey_bottle":6,"minecraft:wooden_axe":3,"extendedslabs:white_concrete_powder_stairs":1,"minecraft:dark_oak_planks":15,"minecraft:honey_block":6,"minecraft:grass_block":156,"minecraft:oak_stairs":24,"minecraft:smooth_sandstone":1,"minecraft:quartz_block":16,"minecraft:dark_oak_slab":125,"extendedslabs:birch_wood_slab":1,"extendedslabs:white_concrete_stairs":61,"minecraft:stone_bricks":1,"minecraft:lime_concrete":4,"minecraft:crimson_pressure_plate":1,"minecraft:stone_pressure_plate":70,"extendedslabs:vertical_lime_concrete_slab":46,"minecraft:brown_bed":1,"minecraft:pointed_dripstone":440,"minecraft:light_blue_carpet":59,"minecraft:dark_oak_stairs":64,"extendedslabs:red_terracotta_stairs":41,"minecraft:sandstone_stairs":175,"minecraft:prismarine":14,"minecraft:oak_planks":175,"minecraft:blue_wool":54,"minecraft:cactus":163,"minecraft:sandstone":1451,"minecraft:redstone_block":1,"minecraft:spruce_fence_gate":5,"extendedslabs:black_concrete_slab":87,"minecraft:white_wool":24,"minecraft:golden_apple":10,"minecraft:vine":717,"minecraft:sand":82,"minecraft:terracotta":169,"minecraft:yellow_terracotta":35,"minecraft:light_blue_concrete":119,"minecraft:oak_slab":8,"minecraft:red_bed":18,"minecraft:light_gray_terracotta":1,"minecraft:crossbow":1,"extendedslabs:lime_concrete_stairs":89,"minecraft:white_bed":2,"minecraft:light_gray_concrete_powder":1,"extendedslabs:lime_concrete_slab":53,"minecraft:stone_brick_wall":176,"extendedslabs:light_gray_concrete_slab":40,"minecraft:oak_log":38,"minecraft:dead_fire_coral_fan":8,"minecraft:lever":2,"minecraft:green_concrete":11,"minecraft:light":91,"minecraft:black_concrete":56,"minecraft:black_wool":13,"extendedslabs:lime_wool_stairs":1,"minecraft:mangrove_pressure_plate":1,"minecraft:light_gray_concrete":487,"minecraft:heavy_weighted_pressure_plate":4,"extendedslabs:oak_wood_stairs":1,"extendedslabs:blue_wool_stairs":17,"minecraft:oak_button":2,"minecraft:barrier":223,"minecraft:red_terracotta":64,"minecraft:golden_helmet":14,"extendedslabs:lime_concrete_corner":4,"minecraft:jungle_sign":1,"extendedslabs:acacia_wood_slab":6,"minecraft:dead_horn_coral_fan":10,"minecraft:purple_bed":4,"minecraft:crimson_stairs":1,"minecraft:sandstone_slab":279,"minecraft:chain_command_block":1,"minecraft:repeating_command_block":6,"minecraft:end_portal_frame":1,"minecraft:stripped_oak_log":91,"minecraft:white_concrete":552},"minecraft:picked_up":{"minecraft:black_carpet":10,"minecraft:nether_brick":1,"minecraft:heavy_weighted_pressure_plate":1,"minecraft:armor_stand":8,"minecraft:red_dye":2,"minecraft:golden_helmet":3,"minecraft:orange_dye":1,"minecraft:stick":82,"minecraft:raw_iron":1,"minecraft:gray_dye":1,"minecraft:white_dye":1,"minecraft:brown_dye":1,"minecraft:pink_terracotta":1,"minecraft:stone_pressure_plate":4,"minecraft:black_dye":1,"minecraft:cactus":662,"minecraft:honey_bottle":1,"minecraft:gold_ingot":1,"minecraft:white_terracotta":1,"minecraft:yellow_dye":1,"minecraft:magenta_dye":1,"minecraft:smooth_sandstone":1,"minecraft:wheat_seeds":56,"minecraft:iron_ingot":1,"minecraft:glass_bottle":1,"minecraft:green_dye":2,"minecraft:light_gray_terracotta":1,"minecraft:lime_dye":2,"minecraft:blue_terracotta":1,"minecraft:honey_block":3,"minecraft:golden_apple":1,"minecraft:cyan_dye":2,"minecraft:light_gray_carpet":1,"minecraft:coal":2,"minecraft:pink_dye":2},"minecraft:mined":{"minecraft:honey_block":1,"minecraft:structure_void":1,"minecraft:grass":53}},"DataVersion":3465}