{"stats":{"minecraft:custom":{"minecraft:jump":784,"minecraft:time_since_rest":34317,"minecraft:damage_dealt":80,"minecraft:crouch_one_cm":4203,"minecraft:leave_game":1,"minecraft:play_time":34317,"minecraft:sprint_one_cm":94401,"minecraft:damage_taken":25,"minecraft:time_since_death":34317,"minecraft:walk_one_cm":22729,"minecraft:sneak_time":1776,"minecraft:climb_one_cm":8383,"minecraft:total_world_time":34317,"minecraft:damage_resisted":18062,"minecraft:fall_one_cm":26087,"minecraft:fly_one_cm":492799}},"DataVersion":3465}