{"stats":{"minecraft:used":{"minecraft:golden_apple":5,"minecraft:stone_sword":43},"minecraft:killed_by":{"minecraft:player":9},"minecraft:custom":{"minecraft:jump":1790,"minecraft:time_since_rest":712,"minecraft:damage_dealt":2401,"minecraft:damage_taken":4024,"minecraft:damage_absorbed":200,"minecraft:crouch_one_cm":7341,"minecraft:leave_game":2,"minecraft:play_time":85108,"minecraft:sprint_one_cm":243480,"minecraft:time_since_death":707,"minecraft:walk_one_cm":89809,"minecraft:deaths":10,"minecraft:sneak_time":3004,"minecraft:total_world_time":85108,"minecraft:climb_one_cm":16291,"minecraft:damage_resisted":29466,"minecraft:damage_dealt_absorbed":80,"minecraft:fall_one_cm":57201,"minecraft:fly_one_cm":1015283,"minecraft:player_kills":6}},"DataVersion":3465}