{"stats":{"minecraft:killed_by":{"minecraft:player":4},"minecraft:custom":{"minecraft:jump":1494,"minecraft:damage_absorbed":160,"minecraft:time_since_rest":1397,"minecraft:deaths":4,"minecraft:damage_dealt":1326,"minecraft:crouch_one_cm":6886,"minecraft:leave_game":2,"minecraft:play_time":61288,"minecraft:sprint_one_cm":197329,"minecraft:damage_taken":1654,"minecraft:time_since_death":1392,"minecraft:walk_one_cm":57679,"minecraft:sneak_time":2574,"minecraft:total_world_time":61288,"minecraft:climb_one_cm":16291,"minecraft:damage_resisted":29466,"minecraft:damage_dealt_absorbed":80,"minecraft:fall_one_cm":44580,"minecraft:fly_one_cm":782018,"minecraft:player_kills":4},"minecraft:used":{"minecraft:golden_apple":4,"minecraft:stone_sword":29}},"DataVersion":3465}