{"stats":{"minecraft:custom":{"minecraft:jump":1104,"minecraft:time_since_rest":45454,"minecraft:damage_dealt":80,"minecraft:crouch_one_cm":4203,"minecraft:leave_game":2,"minecraft:play_time":45454,"minecraft:sprint_one_cm":141769,"minecraft:damage_taken":25,"minecraft:time_since_death":45454,"minecraft:walk_one_cm":31005,"minecraft:sneak_time":1776,"minecraft:climb_one_cm":14163,"minecraft:total_world_time":45454,"minecraft:damage_resisted":23193,"minecraft:fall_one_cm":35011,"minecraft:fly_one_cm":665593}},"DataVersion":3465}