{"stats":{"minecraft:used":{"minecraft:golden_apple":5,"minecraft:stone_sword":43},"minecraft:killed_by":{"minecraft:player":7},"minecraft:custom":{"minecraft:jump":1643,"minecraft:time_since_rest":6658,"minecraft:damage_dealt":1901,"minecraft:damage_taken":2469,"minecraft:damage_absorbed":200,"minecraft:crouch_one_cm":6983,"minecraft:leave_game":2,"minecraft:play_time":73108,"minecraft:sprint_one_cm":224432,"minecraft:time_since_death":6653,"minecraft:walk_one_cm":68851,"minecraft:deaths":7,"minecraft:sneak_time":2905,"minecraft:total_world_time":73108,"minecraft:climb_one_cm":16291,"minecraft:damage_resisted":29466,"minecraft:damage_dealt_absorbed":80,"minecraft:fall_one_cm":45530,"minecraft:fly_one_cm":957713,"minecraft:player_kills":5}},"DataVersion":3465}