{"stats":{"minecraft:custom":{"minecraft:jump":1218,"minecraft:time_since_rest":49288,"minecraft:damage_dealt":80,"minecraft:crouch_one_cm":5017,"minecraft:leave_game":2,"minecraft:play_time":49288,"minecraft:sprint_one_cm":159429,"minecraft:damage_taken":25,"minecraft:time_since_death":49288,"minecraft:walk_one_cm":35037,"minecraft:sneak_time":1901,"minecraft:total_world_time":49288,"minecraft:climb_one_cm":14163,"minecraft:damage_resisted":24712,"minecraft:fall_one_cm":38123,"minecraft:fly_one_cm":702034}},"DataVersion":3465}