{"stats":{"minecraft:custom":{"minecraft:time_since_rest":1909,"minecraft:deaths":11,"minecraft:crouch_one_cm":2670,"minecraft:sprint_one_cm":96675,"minecraft:play_time":46265,"minecraft:walk_one_cm":76379,"minecraft:damage_taken":3740,"minecraft:damage_absorbed":120,"minecraft:sneak_time":1200,"minecraft:drop":3,"minecraft:jump":606,"minecraft:damage_dealt":1870,"minecraft:leave_game":1,"minecraft:time_since_death":1903,"minecraft:climb_one_cm":2479,"minecraft:total_world_time":46265,"minecraft:damage_dealt_absorbed":80,"minecraft:fall_one_cm":24331,"minecraft:fly_one_cm":318356,"minecraft:player_kills":1},"minecraft:picked_up":{"minecraft:stone_sword":1},"minecraft:killed_by":{"minecraft:player":8},"minecraft:dropped":{"minecraft:golden_helmet":1,"minecraft:glass_bottle":1,"minecraft:golden_apple":1},"minecraft:used":{"minecraft:golden_helmet":1,"minecraft:golden_apple":3,"minecraft:stone_sword":22,"minecraft:honey_bottle":2}},"DataVersion":3465}