{"stats":{"minecraft:custom":{"minecraft:time_since_rest":3389,"minecraft:deaths":6,"minecraft:crouch_one_cm":1695,"minecraft:sprint_one_cm":68263,"minecraft:play_time":34265,"minecraft:walk_one_cm":45374,"minecraft:damage_taken":2126,"minecraft:damage_absorbed":120,"minecraft:sneak_time":607,"minecraft:drop":3,"minecraft:jump":444,"minecraft:damage_dealt":1072,"minecraft:leave_game":1,"minecraft:time_since_death":3383,"minecraft:climb_one_cm":2479,"minecraft:total_world_time":34265,"minecraft:damage_dealt_absorbed":80,"minecraft:fall_one_cm":18777,"minecraft:fly_one_cm":222150},"minecraft:picked_up":{"minecraft:stone_sword":1},"minecraft:killed_by":{"minecraft:player":5},"minecraft:dropped":{"minecraft:golden_helmet":1,"minecraft:glass_bottle":1,"minecraft:golden_apple":1},"minecraft:used":{"minecraft:golden_helmet":1,"minecraft:golden_apple":3,"minecraft:stone_sword":22,"minecraft:honey_bottle":2}},"DataVersion":3465}