{"stats":{"minecraft:killed_by":{"minecraft:player":1},"minecraft:custom":{"minecraft:jump":280,"minecraft:time_since_rest":8115,"minecraft:leave_game":1,"minecraft:damage_dealt":35,"minecraft:crouch_one_cm":778,"minecraft:deaths":2,"minecraft:sprint_one_cm":24143,"minecraft:play_time":16264,"minecraft:damage_taken":130,"minecraft:time_since_death":8109,"minecraft:walk_one_cm":29722,"minecraft:sneak_time":198,"minecraft:total_world_time":16264,"minecraft:damage_resisted":40963,"minecraft:fall_one_cm":33149,"minecraft:fly_one_cm":79877}},"DataVersion":3465}