{"stats":{"minecraft:custom":{"minecraft:time_since_rest":7135,"minecraft:crouch_one_cm":5209,"minecraft:sprint_one_cm":409365,"minecraft:play_time":212745,"minecraft:damage_taken":7065,"minecraft:deaths":24,"minecraft:walk_one_cm":222709,"minecraft:sneak_time":2355,"minecraft:drop":3,"minecraft:jump":3595,"minecraft:damage_dealt":2766,"minecraft:leave_game":10,"minecraft:time_since_death":7121,"minecraft:climb_one_cm":18348,"minecraft:total_world_time":212745,"minecraft:damage_resisted":107194,"minecraft:damage_dealt_absorbed":40,"minecraft:fall_one_cm":273324,"minecraft:fly_one_cm":1480808,"minecraft:player_kills":1},"minecraft:used":{"minecraft:golden_helmet":4,"minecraft:stone_sword":16,"minecraft:blue_wool":3,"minecraft:black_carpet":1,"minecraft:leather_helmet":3,"minecraft:cooked_beef":2,"minecraft:honey_bottle":6},"minecraft:killed_by":{"minecraft:player":10},"minecraft:dropped":{"minecraft:glass_bottle":1,"minecraft:nether_brick":2},"minecraft:picked_up":{"minecraft:nether_brick":2},"minecraft:mined":{"minecraft:grass":2,"minecraft:honey_block":2}},"DataVersion":3465}