{"stats":{"minecraft:custom":{"minecraft:time_since_rest":764,"minecraft:crouch_one_cm":5851,"minecraft:sprint_one_cm":429242,"minecraft:play_time":219394,"minecraft:damage_taken":8459,"minecraft:deaths":27,"minecraft:walk_one_cm":237217,"minecraft:sneak_time":2596,"minecraft:drop":3,"minecraft:jump":3723,"minecraft:damage_dealt":3226,"minecraft:leave_game":11,"minecraft:time_since_death":759,"minecraft:climb_one_cm":18348,"minecraft:total_world_time":219394,"minecraft:damage_resisted":107194,"minecraft:damage_dealt_absorbed":40,"minecraft:fall_one_cm":292530,"minecraft:fly_one_cm":1525947,"minecraft:player_kills":1},"minecraft:used":{"minecraft:golden_helmet":4,"minecraft:stone_sword":16,"minecraft:blue_wool":3,"minecraft:black_carpet":1,"minecraft:leather_helmet":3,"minecraft:cooked_beef":2,"minecraft:honey_bottle":6},"minecraft:killed_by":{"minecraft:player":11},"minecraft:dropped":{"minecraft:glass_bottle":1,"minecraft:nether_brick":2},"minecraft:picked_up":{"minecraft:nether_brick":2},"minecraft:mined":{"minecraft:grass":2,"minecraft:honey_block":2}},"DataVersion":3465}