{"stats":{"minecraft:killed_by":{"minecraft:player":7},"minecraft:dropped":{"minecraft:glass_bottle":1},"minecraft:used":{"minecraft:golden_helmet":3,"minecraft:stone_sword":6,"minecraft:blue_wool":3,"minecraft:black_carpet":1,"minecraft:leather_helmet":3,"minecraft:cooked_beef":2,"minecraft:honey_bottle":2},"minecraft:custom":{"minecraft:time_since_rest":1485,"minecraft:crouch_one_cm":1137,"minecraft:sprint_one_cm":143723,"minecraft:play_time":101371,"minecraft:deaths":9,"minecraft:damage_taken":3248,"minecraft:walk_one_cm":99257,"minecraft:sneak_time":611,"minecraft:drop":1,"minecraft:jump":1309,"minecraft:damage_dealt":1532,"minecraft:leave_game":6,"minecraft:time_since_death":1480,"minecraft:climb_one_cm":3641,"minecraft:total_world_time":101371,"minecraft:damage_resisted":79300,"minecraft:damage_dealt_absorbed":40,"minecraft:fall_one_cm":165681,"minecraft:fly_one_cm":572837},"minecraft:mined":{"minecraft:grass":2,"minecraft:honey_block":2}},"DataVersion":3465}