{"stats":{"minecraft:custom":{"minecraft:time_since_rest":6126,"minecraft:crouch_one_cm":1137,"minecraft:sprint_one_cm":113619,"minecraft:play_time":87915,"minecraft:deaths":5,"minecraft:damage_taken":1265,"minecraft:walk_one_cm":86373,"minecraft:sneak_time":611,"minecraft:drop":1,"minecraft:jump":1028,"minecraft:damage_dealt":1226,"minecraft:leave_game":5,"minecraft:time_since_death":6120,"minecraft:climb_one_cm":3641,"minecraft:total_world_time":87915,"minecraft:damage_resisted":8462,"minecraft:damage_dealt_absorbed":40,"minecraft:fall_one_cm":82945,"minecraft:fly_one_cm":438430},"minecraft:mined":{"minecraft:grass":2,"minecraft:honey_block":2},"minecraft:killed_by":{"minecraft:player":4},"minecraft:dropped":{"minecraft:glass_bottle":1},"minecraft:used":{"minecraft:golden_helmet":3,"minecraft:stone_sword":6,"minecraft:blue_wool":3,"minecraft:black_carpet":1,"minecraft:leather_helmet":3,"minecraft:cooked_beef":2,"minecraft:honey_bottle":2}},"DataVersion":3465}