{"stats":{"minecraft:killed_by":{"minecraft:player":8},"minecraft:dropped":{"minecraft:glass_bottle":1},"minecraft:used":{"minecraft:golden_helmet":3,"minecraft:stone_sword":6,"minecraft:blue_wool":3,"minecraft:black_carpet":1,"minecraft:leather_helmet":3,"minecraft:cooked_beef":2,"minecraft:honey_bottle":4},"minecraft:custom":{"minecraft:time_since_rest":211,"minecraft:crouch_one_cm":1193,"minecraft:sprint_one_cm":167260,"minecraft:play_time":112682,"minecraft:deaths":13,"minecraft:damage_taken":3516,"minecraft:walk_one_cm":115140,"minecraft:sneak_time":649,"minecraft:drop":1,"minecraft:jump":1614,"minecraft:damage_dealt":1532,"minecraft:leave_game":7,"minecraft:time_since_death":205,"minecraft:climb_one_cm":4757,"minecraft:total_world_time":112682,"minecraft:damage_resisted":91336,"minecraft:damage_dealt_absorbed":40,"minecraft:fall_one_cm":182903,"minecraft:fly_one_cm":710477},"minecraft:mined":{"minecraft:grass":2,"minecraft:honey_block":2}},"DataVersion":3465}