{"stats":{"minecraft:custom":{"minecraft:time_since_rest":2711,"minecraft:crouch_one_cm":3278,"minecraft:sprint_one_cm":297969,"minecraft:play_time":178320,"minecraft:damage_taken":6472,"minecraft:deaths":22,"minecraft:walk_one_cm":183780,"minecraft:sneak_time":1039,"minecraft:drop":3,"minecraft:jump":2604,"minecraft:damage_dealt":2383,"minecraft:leave_game":10,"minecraft:time_since_death":2704,"minecraft:climb_one_cm":11309,"minecraft:total_world_time":178320,"minecraft:damage_resisted":100944,"minecraft:damage_dealt_absorbed":40,"minecraft:fall_one_cm":225537,"minecraft:fly_one_cm":1067907,"minecraft:player_kills":1},"minecraft:used":{"minecraft:golden_helmet":4,"minecraft:stone_sword":16,"minecraft:blue_wool":3,"minecraft:black_carpet":1,"minecraft:leather_helmet":3,"minecraft:cooked_beef":2,"minecraft:honey_bottle":6},"minecraft:killed_by":{"minecraft:player":10},"minecraft:dropped":{"minecraft:glass_bottle":1,"minecraft:nether_brick":2},"minecraft:picked_up":{"minecraft:nether_brick":2},"minecraft:mined":{"minecraft:grass":2,"minecraft:honey_block":2}},"DataVersion":3465}