{"stats":{"minecraft:killed_by":{"minecraft:player":8},"minecraft:dropped":{"minecraft:glass_bottle":1,"minecraft:nether_brick":2},"minecraft:used":{"minecraft:golden_helmet":4,"minecraft:stone_sword":6,"minecraft:blue_wool":3,"minecraft:black_carpet":1,"minecraft:leather_helmet":3,"minecraft:cooked_beef":2,"minecraft:honey_bottle":4},"minecraft:custom":{"minecraft:time_since_rest":7760,"minecraft:crouch_one_cm":1257,"minecraft:sprint_one_cm":237137,"minecraft:play_time":138534,"minecraft:deaths":14,"minecraft:damage_taken":3576,"minecraft:walk_one_cm":136620,"minecraft:sneak_time":738,"minecraft:drop":3,"minecraft:jump":2189,"minecraft:damage_dealt":1532,"minecraft:leave_game":9,"minecraft:time_since_death":7751,"minecraft:climb_one_cm":11309,"minecraft:total_world_time":138534,"minecraft:damage_resisted":100944,"minecraft:damage_dealt_absorbed":40,"minecraft:fall_one_cm":202953,"minecraft:fly_one_cm":972810},"minecraft:picked_up":{"minecraft:nether_brick":2},"minecraft:mined":{"minecraft:grass":2,"minecraft:honey_block":2}},"DataVersion":3465}