{"stats":{"minecraft:custom":{"minecraft:time_since_rest":1655,"minecraft:crouch_one_cm":10704,"minecraft:damage_taken":11743,"minecraft:play_time":269998,"minecraft:sprint_one_cm":548163,"minecraft:deaths":38,"minecraft:walk_one_cm":294679,"minecraft:sneak_time":5534,"minecraft:drop":5,"minecraft:jump":4859,"minecraft:damage_dealt":3411,"minecraft:leave_game":13,"minecraft:time_since_death":1648,"minecraft:climb_one_cm":27596,"minecraft:total_world_time":269998,"minecraft:damage_resisted":115678,"minecraft:damage_dealt_absorbed":40,"minecraft:fall_one_cm":342249,"minecraft:fly_one_cm":2027603,"minecraft:player_kills":1},"minecraft:used":{"minecraft:golden_helmet":4,"minecraft:stone_sword":21,"minecraft:blue_wool":3,"minecraft:black_carpet":1,"minecraft:leather_helmet":3,"minecraft:cooked_beef":2,"minecraft:milk_bucket":1,"minecraft:honey_bottle":8},"minecraft:killed_by":{"minecraft:ravager":7,"minecraft:player":12},"minecraft:dropped":{"minecraft:stone_sword":1,"minecraft:glass_bottle":1,"minecraft:nether_brick":2,"minecraft:bucket":1},"minecraft:picked_up":{"minecraft:stone_sword":2,"minecraft:nether_brick":2},"minecraft:mined":{"minecraft:grass":2,"minecraft:honey_block":2}},"DataVersion":3465}