{"stats":{"minecraft:killed_by":{"minecraft:player":8},"minecraft:dropped":{"minecraft:glass_bottle":1,"minecraft:nether_brick":2},"minecraft:used":{"minecraft:golden_helmet":4,"minecraft:stone_sword":6,"minecraft:blue_wool":3,"minecraft:black_carpet":1,"minecraft:leather_helmet":3,"minecraft:cooked_beef":2,"minecraft:honey_bottle":4},"minecraft:custom":{"minecraft:time_since_rest":847,"minecraft:crouch_one_cm":1517,"minecraft:sprint_one_cm":246776,"minecraft:play_time":150534,"minecraft:deaths":17,"minecraft:damage_taken":5286,"minecraft:walk_one_cm":146055,"minecraft:sneak_time":840,"minecraft:drop":3,"minecraft:jump":2275,"minecraft:damage_dealt":1737,"minecraft:leave_game":9,"minecraft:time_since_death":840,"minecraft:climb_one_cm":11309,"minecraft:total_world_time":150534,"minecraft:damage_resisted":100944,"minecraft:damage_dealt_absorbed":40,"minecraft:fall_one_cm":218016,"minecraft:fly_one_cm":985771},"minecraft:picked_up":{"minecraft:nether_brick":2},"minecraft:mined":{"minecraft:grass":2,"minecraft:honey_block":2}},"DataVersion":3465}