{"stats":{"minecraft:custom":{"minecraft:time_since_rest":7299,"minecraft:crouch_one_cm":9533,"minecraft:sprint_one_cm":463292,"minecraft:play_time":242865,"minecraft:damage_taken":11539,"minecraft:deaths":37,"minecraft:walk_one_cm":256106,"minecraft:sneak_time":5054,"minecraft:drop":4,"minecraft:jump":3949,"minecraft:damage_dealt":3391,"minecraft:leave_game":11,"minecraft:time_since_death":7293,"minecraft:climb_one_cm":18348,"minecraft:total_world_time":242865,"minecraft:damage_resisted":107194,"minecraft:damage_dealt_absorbed":40,"minecraft:fall_one_cm":321135,"minecraft:fly_one_cm":1696808,"minecraft:player_kills":1},"minecraft:used":{"minecraft:golden_helmet":4,"minecraft:stone_sword":21,"minecraft:blue_wool":3,"minecraft:black_carpet":1,"minecraft:leather_helmet":3,"minecraft:cooked_beef":2,"minecraft:milk_bucket":1,"minecraft:honey_bottle":8},"minecraft:killed_by":{"minecraft:ravager":7,"minecraft:player":12},"minecraft:dropped":{"minecraft:stone_sword":1,"minecraft:glass_bottle":1,"minecraft:nether_brick":2},"minecraft:picked_up":{"minecraft:stone_sword":2,"minecraft:nether_brick":2},"minecraft:mined":{"minecraft:grass":2,"minecraft:honey_block":2}},"DataVersion":3465}