{"stats":{"minecraft:killed_by":{"minecraft:player":8},"minecraft:dropped":{"minecraft:glass_bottle":1},"minecraft:used":{"minecraft:golden_helmet":4,"minecraft:stone_sword":6,"minecraft:blue_wool":3,"minecraft:black_carpet":1,"minecraft:leather_helmet":3,"minecraft:cooked_beef":2,"minecraft:honey_bottle":4},"minecraft:custom":{"minecraft:time_since_rest":8063,"minecraft:crouch_one_cm":1193,"minecraft:sprint_one_cm":181681,"minecraft:play_time":120534,"minecraft:deaths":13,"minecraft:damage_taken":3516,"minecraft:walk_one_cm":123371,"minecraft:sneak_time":703,"minecraft:drop":1,"minecraft:jump":1777,"minecraft:damage_dealt":1532,"minecraft:leave_game":9,"minecraft:time_since_death":8057,"minecraft:climb_one_cm":4757,"minecraft:total_world_time":120534,"minecraft:damage_resisted":91773,"minecraft:damage_dealt_absorbed":40,"minecraft:fall_one_cm":186944,"minecraft:fly_one_cm":772930},"minecraft:mined":{"minecraft:grass":2,"minecraft:honey_block":2}},"DataVersion":3465}