{"stats":{"minecraft:custom":{"minecraft:time_since_rest":25136,"minecraft:crouch_one_cm":5158,"minecraft:sprint_one_cm":382999,"minecraft:play_time":200745,"minecraft:damage_taken":6954,"minecraft:deaths":22,"minecraft:walk_one_cm":212749,"minecraft:sneak_time":2317,"minecraft:drop":3,"minecraft:jump":3324,"minecraft:damage_dealt":2696,"minecraft:leave_game":10,"minecraft:time_since_death":25129,"minecraft:climb_one_cm":17612,"minecraft:total_world_time":200745,"minecraft:damage_resisted":107194,"minecraft:damage_dealt_absorbed":40,"minecraft:fall_one_cm":241586,"minecraft:fly_one_cm":1380073,"minecraft:player_kills":1},"minecraft:used":{"minecraft:golden_helmet":4,"minecraft:stone_sword":16,"minecraft:blue_wool":3,"minecraft:black_carpet":1,"minecraft:leather_helmet":3,"minecraft:cooked_beef":2,"minecraft:honey_bottle":6},"minecraft:killed_by":{"minecraft:player":10},"minecraft:dropped":{"minecraft:glass_bottle":1,"minecraft:nether_brick":2},"minecraft:picked_up":{"minecraft:nether_brick":2},"minecraft:mined":{"minecraft:grass":2,"minecraft:honey_block":2}},"DataVersion":3465}