{"stats":{"minecraft:custom":{"minecraft:time_since_rest":24842,"minecraft:crouch_one_cm":10581,"minecraft:damage_taken":11669,"minecraft:play_time":260408,"minecraft:sprint_one_cm":517885,"minecraft:deaths":37,"minecraft:walk_one_cm":284390,"minecraft:sneak_time":5487,"minecraft:drop":5,"minecraft:jump":4534,"minecraft:damage_dealt":3391,"minecraft:leave_game":13,"minecraft:time_since_death":24836,"minecraft:climb_one_cm":27596,"minecraft:total_world_time":260408,"minecraft:damage_resisted":112154,"minecraft:damage_dealt_absorbed":40,"minecraft:fall_one_cm":340031,"minecraft:fly_one_cm":1924331,"minecraft:player_kills":1},"minecraft:used":{"minecraft:golden_helmet":4,"minecraft:stone_sword":21,"minecraft:blue_wool":3,"minecraft:black_carpet":1,"minecraft:leather_helmet":3,"minecraft:cooked_beef":2,"minecraft:milk_bucket":1,"minecraft:honey_bottle":8},"minecraft:killed_by":{"minecraft:ravager":7,"minecraft:player":12},"minecraft:dropped":{"minecraft:stone_sword":1,"minecraft:glass_bottle":1,"minecraft:nether_brick":2,"minecraft:bucket":1},"minecraft:picked_up":{"minecraft:stone_sword":2,"minecraft:nether_brick":2},"minecraft:mined":{"minecraft:grass":2,"minecraft:honey_block":2}},"DataVersion":3465}