{"stats":{"minecraft:custom":{"minecraft:time_since_rest":5040,"minecraft:crouch_one_cm":13696,"minecraft:damage_taken":12066,"minecraft:play_time":299998,"minecraft:sprint_one_cm":640662,"minecraft:deaths":41,"minecraft:walk_one_cm":321081,"minecraft:sneak_time":7082,"minecraft:drop":5,"minecraft:jump":5562,"minecraft:damage_dealt":3411,"minecraft:leave_game":13,"minecraft:time_since_death":5034,"minecraft:sleep_in_bed":1,"minecraft:climb_one_cm":28244,"minecraft:total_world_time":299998,"minecraft:damage_resisted":126085,"minecraft:damage_dealt_absorbed":40,"minecraft:fall_one_cm":361668,"minecraft:fly_one_cm":2345193,"minecraft:player_kills":1},"minecraft:used":{"minecraft:golden_helmet":4,"minecraft:stone_sword":21,"minecraft:blue_wool":3,"minecraft:black_carpet":1,"minecraft:leather_helmet":3,"minecraft:cooked_beef":2,"minecraft:milk_bucket":1,"minecraft:honey_bottle":10},"minecraft:killed_by":{"minecraft:ravager":7,"minecraft:player":13},"minecraft:dropped":{"minecraft:stone_sword":1,"minecraft:glass_bottle":1,"minecraft:nether_brick":2,"minecraft:bucket":1},"minecraft:picked_up":{"minecraft:stone_sword":2,"minecraft:nether_brick":2},"minecraft:mined":{"minecraft:grass":2,"minecraft:honey_block":2}},"DataVersion":3465}