{"stats":{"minecraft:custom":{"minecraft:time_since_rest":4666,"minecraft:crouch_one_cm":6349,"minecraft:sprint_one_cm":446274,"minecraft:play_time":230865,"minecraft:damage_taken":9291,"minecraft:deaths":30,"minecraft:walk_one_cm":244004,"minecraft:sneak_time":3246,"minecraft:drop":3,"minecraft:jump":3838,"minecraft:damage_dealt":3391,"minecraft:leave_game":11,"minecraft:time_since_death":4660,"minecraft:climb_one_cm":18348,"minecraft:total_world_time":230865,"minecraft:damage_resisted":107194,"minecraft:damage_dealt_absorbed":40,"minecraft:fall_one_cm":302250,"minecraft:fly_one_cm":1625932,"minecraft:player_kills":1},"minecraft:used":{"minecraft:golden_helmet":4,"minecraft:stone_sword":21,"minecraft:blue_wool":3,"minecraft:black_carpet":1,"minecraft:leather_helmet":3,"minecraft:cooked_beef":2,"minecraft:milk_bucket":1,"minecraft:honey_bottle":8},"minecraft:killed_by":{"minecraft:player":12},"minecraft:dropped":{"minecraft:glass_bottle":1,"minecraft:nether_brick":2},"minecraft:picked_up":{"minecraft:nether_brick":2},"minecraft:mined":{"minecraft:grass":2,"minecraft:honey_block":2}},"DataVersion":3465}