{"stats":{"minecraft:custom":{"minecraft:time_since_rest":677,"minecraft:crouch_one_cm":628,"minecraft:sprint_one_cm":96371,"minecraft:play_time":29934,"minecraft:walk_one_cm":60675,"minecraft:damage_taken":1571,"minecraft:deaths":6,"minecraft:sneak_time":513,"minecraft:drop":1,"minecraft:jump":794,"minecraft:damage_dealt":453,"minecraft:leave_game":1,"minecraft:time_since_death":671,"minecraft:sleep_in_bed":3,"minecraft:climb_one_cm":13577,"minecraft:total_world_time":29934,"minecraft:damage_resisted":6915,"minecraft:fly_one_cm":405542,"minecraft:fall_one_cm":47184,"minecraft:player_kills":1},"minecraft:used":{"minecraft:stone_sword":16,"minecraft:milk_bucket":1,"minecraft:honey_bottle":2},"minecraft:killed_by":{"minecraft:player":4},"minecraft:dropped":{"minecraft:bucket":1}},"DataVersion":3465}