{"stats":{"minecraft:custom":{"minecraft:time_since_rest":599,"minecraft:crouch_one_cm":1630,"minecraft:sprint_one_cm":139729,"minecraft:play_time":41934,"minecraft:walk_one_cm":92389,"minecraft:damage_taken":2348,"minecraft:deaths":8,"minecraft:sneak_time":876,"minecraft:drop":2,"minecraft:jump":1162,"minecraft:damage_dealt":797,"minecraft:leave_game":1,"minecraft:time_since_death":594,"minecraft:sleep_in_bed":3,"minecraft:climb_one_cm":13577,"minecraft:total_world_time":41934,"minecraft:damage_resisted":10279,"minecraft:fly_one_cm":526446,"minecraft:fall_one_cm":65073,"minecraft:player_kills":1},"minecraft:used":{"minecraft:stone_sword":16,"minecraft:milk_bucket":2,"minecraft:honey_bottle":4},"minecraft:killed_by":{"minecraft:player":5},"minecraft:dropped":{"minecraft:bucket":2}},"DataVersion":3465}