{"stats":{"minecraft:custom":{"minecraft:time_since_rest":1118,"minecraft:crouch_one_cm":2461,"minecraft:sprint_one_cm":228398,"minecraft:play_time":59934,"minecraft:walk_one_cm":118914,"minecraft:damage_taken":2348,"minecraft:deaths":9,"minecraft:sneak_time":1085,"minecraft:drop":2,"minecraft:jump":1879,"minecraft:damage_dealt":797,"minecraft:leave_game":1,"minecraft:time_since_death":1113,"minecraft:sleep_in_bed":3,"minecraft:climb_one_cm":22787,"minecraft:total_world_time":59934,"minecraft:damage_resisted":20232,"minecraft:fly_one_cm":813911,"minecraft:fall_one_cm":87804,"minecraft:player_kills":1},"minecraft:used":{"minecraft:stone_sword":16,"minecraft:milk_bucket":2,"minecraft:honey_bottle":4},"minecraft:killed_by":{"minecraft:player":5},"minecraft:dropped":{"minecraft:bucket":2}},"DataVersion":3465}