{"stats":{"minecraft:custom":{"minecraft:jump":569,"minecraft:time_since_rest":1196,"minecraft:deaths":2,"minecraft:damage_dealt":132,"minecraft:crouch_one_cm":373,"minecraft:leave_game":1,"minecraft:play_time":17934,"minecraft:sprint_one_cm":69273,"minecraft:damage_taken":428,"minecraft:time_since_death":1190,"minecraft:walk_one_cm":32226,"minecraft:sleep_in_bed":2,"minecraft:sneak_time":208,"minecraft:total_world_time":17934,"minecraft:climb_one_cm":13577,"minecraft:damage_resisted":6915,"minecraft:fall_one_cm":22504,"minecraft:fly_one_cm":246434},"minecraft:used":{"minecraft:stone_sword":8,"minecraft:milk_bucket":1,"minecraft:honey_bottle":2},"minecraft:killed_by":{"minecraft:player":1}},"DataVersion":3465}