{"stats":{"minecraft:killed_by":{"minecraft:player":3},"minecraft:custom":{"minecraft:jump":1514,"minecraft:time_since_rest":5390,"minecraft:damage_dealt":1350,"minecraft:damage_absorbed":40,"minecraft:damage_taken":1319,"minecraft:crouch_one_cm":4013,"minecraft:leave_game":1,"minecraft:play_time":65827,"minecraft:sprint_one_cm":158307,"minecraft:time_since_death":4702,"minecraft:walk_one_cm":84367,"minecraft:deaths":4,"minecraft:sleep_in_bed":1,"minecraft:sneak_time":1395,"minecraft:total_world_time":65827,"minecraft:climb_one_cm":13071,"minecraft:damage_resisted":949779,"minecraft:fall_one_cm":33268,"minecraft:fly_one_cm":648855,"minecraft:player_kills":4},"minecraft:used":{"minecraft:golden_apple":1,"minecraft:stone_sword":33}},"DataVersion":3465}