{"stats":{"minecraft:killed_by":{"minecraft:player":4},"minecraft:custom":{"minecraft:jump":2212,"minecraft:time_since_rest":7158,"minecraft:damage_dealt":1660,"minecraft:damage_absorbed":40,"minecraft:damage_taken":2847,"minecraft:crouch_one_cm":5153,"minecraft:leave_game":2,"minecraft:play_time":92478,"minecraft:sprint_one_cm":215356,"minecraft:time_since_death":7152,"minecraft:walk_one_cm":130812,"minecraft:deaths":9,"minecraft:sleep_in_bed":1,"minecraft:sneak_time":1585,"minecraft:total_world_time":92478,"minecraft:climb_one_cm":13071,"minecraft:damage_resisted":995867,"minecraft:fall_one_cm":84782,"minecraft:fly_one_cm":819533,"minecraft:player_kills":5},"minecraft:used":{"minecraft:golden_apple":1,"minecraft:stone_sword":33}},"DataVersion":3465}