{"stats":{"minecraft:killed_by":{"minecraft:player":3},"minecraft:custom":{"minecraft:jump":1460,"minecraft:leave_game":1,"minecraft:time_since_rest":229,"minecraft:damage_dealt":1285,"minecraft:damage_taken":1254,"minecraft:crouch_one_cm":2592,"minecraft:damage_absorbed":40,"minecraft:play_time":60666,"minecraft:sprint_one_cm":153793,"minecraft:time_since_death":0,"minecraft:walk_one_cm":78842,"minecraft:deaths":4,"minecraft:sleep_in_bed":1,"minecraft:sneak_time":810,"minecraft:total_world_time":60666,"minecraft:climb_one_cm":13071,"minecraft:damage_resisted":949779,"minecraft:fall_one_cm":33268,"minecraft:fly_one_cm":635815,"minecraft:player_kills":4},"minecraft:used":{"minecraft:golden_apple":1,"minecraft:stone_sword":33}},"DataVersion":3465}