{"stats":{"minecraft:killed_by":{"minecraft:player":3},"minecraft:custom":{"minecraft:jump":1845,"minecraft:time_since_rest":10222,"minecraft:damage_dealt":1560,"minecraft:damage_absorbed":40,"minecraft:damage_taken":2732,"minecraft:crouch_one_cm":5045,"minecraft:leave_game":1,"minecraft:play_time":77827,"minecraft:sprint_one_cm":182085,"minecraft:time_since_death":10217,"minecraft:walk_one_cm":106114,"minecraft:deaths":6,"minecraft:sleep_in_bed":1,"minecraft:sneak_time":1531,"minecraft:total_world_time":77827,"minecraft:climb_one_cm":13071,"minecraft:damage_resisted":971243,"minecraft:fall_one_cm":64913,"minecraft:fly_one_cm":724730,"minecraft:player_kills":5},"minecraft:used":{"minecraft:golden_apple":1,"minecraft:stone_sword":33}},"DataVersion":3465}