{"stats":{"minecraft:killed_by":{"minecraft:player":4},"minecraft:custom":{"minecraft:jump":2443,"minecraft:time_since_rest":16508,"minecraft:damage_dealt":1995,"minecraft:damage_taken":3088,"minecraft:damage_absorbed":40,"minecraft:crouch_one_cm":5244,"minecraft:leave_game":2,"minecraft:play_time":101828,"minecraft:sprint_one_cm":236948,"minecraft:time_since_death":16502,"minecraft:walk_one_cm":149464,"minecraft:deaths":9,"minecraft:sleep_in_bed":1,"minecraft:sneak_time":1654,"minecraft:total_world_time":101828,"minecraft:climb_one_cm":13071,"minecraft:damage_resisted":996581,"minecraft:fall_one_cm":85211,"minecraft:fly_one_cm":873707,"minecraft:player_kills":6},"minecraft:used":{"minecraft:golden_apple":1,"minecraft:stone_sword":33}},"DataVersion":3465}