{"stats":{"minecraft:killed_by":{"minecraft:player":1},"minecraft:custom":{"minecraft:jump":718,"minecraft:deaths":1,"minecraft:time_since_rest":1375,"minecraft:damage_absorbed":40,"minecraft:damage_dealt":660,"minecraft:crouch_one_cm":3632,"minecraft:leave_game":4,"minecraft:play_time":42313,"minecraft:sprint_one_cm":123352,"minecraft:damage_taken":444,"minecraft:time_since_death":1370,"minecraft:walk_one_cm":33087,"minecraft:sneak_time":1323,"minecraft:climb_one_cm":2779,"minecraft:total_world_time":42313,"minecraft:damage_resisted":11193,"minecraft:damage_dealt_absorbed":40,"minecraft:fall_one_cm":12108,"minecraft:fly_one_cm":439567,"minecraft:player_kills":1},"minecraft:used":{"minecraft:golden_apple":1,"minecraft:stone_sword":10}},"DataVersion":3465}