{"stats":{"minecraft:custom":{"minecraft:jump":699,"minecraft:time_since_rest":21016,"minecraft:damage_dealt":0,"minecraft:damage_taken":75,"minecraft:leave_game":2,"minecraft:play_time":30691,"minecraft:sprint_one_cm":78521,"minecraft:time_since_death":21009,"minecraft:walk_one_cm":29023,"minecraft:deaths":1,"minecraft:sneak_time":264,"minecraft:total_world_time":30691,"minecraft:climb_one_cm":14730,"minecraft:damage_resisted":11646,"minecraft:fall_one_cm":19742,"minecraft:fly_one_cm":548354}},"DataVersion":3465}