{"stats":{"minecraft:custom":{"minecraft:jump":1155,"minecraft:time_since_rest":32006,"minecraft:crouch_one_cm":341,"minecraft:damage_dealt":0,"minecraft:damage_taken":75,"minecraft:leave_game":3,"minecraft:play_time":41681,"minecraft:sprint_one_cm":127638,"minecraft:time_since_death":31999,"minecraft:walk_one_cm":34290,"minecraft:deaths":1,"minecraft:sneak_time":363,"minecraft:total_world_time":41681,"minecraft:climb_one_cm":23355,"minecraft:damage_resisted":18095,"minecraft:fall_one_cm":31140,"minecraft:fly_one_cm":797656}},"DataVersion":3465}