{"stats":{"minecraft:used":{"minecraft:golden_apple":1,"minecraft:stone_sword":16},"minecraft:killed_by":{"minecraft:player":5},"minecraft:custom":{"minecraft:jump":1797,"minecraft:time_since_rest":368,"minecraft:damage_dealt":1101,"minecraft:damage_taken":3344,"minecraft:crouch_one_cm":358,"minecraft:leave_game":5,"minecraft:play_time":75397,"minecraft:sprint_one_cm":224657,"minecraft:time_since_death":363,"minecraft:walk_one_cm":73695,"minecraft:deaths":6,"minecraft:sneak_time":542,"minecraft:total_world_time":75397,"minecraft:climb_one_cm":28041,"minecraft:damage_resisted":33232,"minecraft:damage_dealt_absorbed":40,"minecraft:fall_one_cm":74404,"minecraft:fly_one_cm":1153312,"minecraft:player_kills":2}},"DataVersion":3465}