{"stats":{"minecraft:used":{"minecraft:golden_apple":1,"minecraft:stone_sword":16},"minecraft:killed_by":{"minecraft:player":1},"minecraft:custom":{"minecraft:jump":1744,"minecraft:time_since_rest":7928,"minecraft:damage_dealt":712,"minecraft:damage_taken":620,"minecraft:crouch_one_cm":358,"minecraft:leave_game":4,"minecraft:play_time":63953,"minecraft:sprint_one_cm":213985,"minecraft:time_since_death":7921,"minecraft:walk_one_cm":60138,"minecraft:deaths":2,"minecraft:sneak_time":491,"minecraft:total_world_time":63953,"minecraft:climb_one_cm":28041,"minecraft:damage_resisted":33232,"minecraft:damage_dealt_absorbed":40,"minecraft:fall_one_cm":49577,"minecraft:fly_one_cm":1038454,"minecraft:player_kills":2}},"DataVersion":3465}