{"stats":{"minecraft:used":{"minecraft:golden_apple":1,"minecraft:stone_sword":16},"minecraft:killed_by":{"minecraft:player":6},"minecraft:custom":{"minecraft:jump":1946,"minecraft:time_since_rest":1530,"minecraft:damage_dealt":1467,"minecraft:damage_taken":5154,"minecraft:crouch_one_cm":792,"minecraft:leave_game":6,"minecraft:play_time":86210,"minecraft:sprint_one_cm":246550,"minecraft:time_since_death":1526,"minecraft:walk_one_cm":94631,"minecraft:deaths":10,"minecraft:sneak_time":927,"minecraft:total_world_time":86210,"minecraft:climb_one_cm":28041,"minecraft:damage_resisted":33232,"minecraft:damage_dealt_absorbed":40,"minecraft:drop":2,"minecraft:fall_one_cm":90015,"minecraft:fly_one_cm":1262169,"minecraft:player_kills":3},"minecraft:dropped":{"minecraft:stick":82}},"DataVersion":3465}