{"stats":{"minecraft:custom":{"minecraft:jump":1296,"minecraft:time_since_rest":36069,"minecraft:damage_dealt":0,"minecraft:damage_taken":75,"minecraft:crouch_one_cm":341,"minecraft:leave_game":3,"minecraft:play_time":45744,"minecraft:sprint_one_cm":142955,"minecraft:time_since_death":36062,"minecraft:walk_one_cm":36501,"minecraft:deaths":1,"minecraft:sneak_time":363,"minecraft:total_world_time":45744,"minecraft:climb_one_cm":23983,"minecraft:damage_resisted":19010,"minecraft:fall_one_cm":33649,"minecraft:fly_one_cm":850581}},"DataVersion":3465}