{"stats":{"minecraft:custom":{"minecraft:jump":1473,"minecraft:time_since_rest":42512,"minecraft:damage_dealt":0,"minecraft:damage_taken":75,"minecraft:crouch_one_cm":341,"minecraft:leave_game":4,"minecraft:play_time":52187,"minecraft:sprint_one_cm":178027,"minecraft:time_since_death":42505,"minecraft:walk_one_cm":40788,"minecraft:deaths":1,"minecraft:sneak_time":448,"minecraft:total_world_time":52187,"minecraft:climb_one_cm":28041,"minecraft:damage_resisted":26602,"minecraft:fall_one_cm":44614,"minecraft:fly_one_cm":913025}},"DataVersion":3465}