{"stats":{"minecraft:custom":{"minecraft:time_since_rest":18833,"minecraft:crouch_one_cm":13823,"minecraft:sprint_one_cm":125557,"minecraft:play_time":94319,"minecraft:deaths":22,"minecraft:damage_taken":6601,"minecraft:walk_one_cm":167980,"minecraft:sneak_time":4911,"minecraft:drop":10,"minecraft:jump":2093,"minecraft:damage_dealt":511,"minecraft:leave_game":2,"minecraft:time_since_death":18822,"minecraft:sleep_in_bed":1,"minecraft:climb_one_cm":13478,"minecraft:total_world_time":94319,"minecraft:damage_resisted":7085,"minecraft:fly_one_cm":637572,"minecraft:fall_one_cm":92596},"minecraft:used":{"minecraft:stone_sword":6,"minecraft:milk_bucket":2,"minecraft:honey_bottle":4},"minecraft:killed_by":{"minecraft:ravager":11,"minecraft:player":6},"minecraft:dropped":{"minecraft:stone_sword":2,"minecraft:bucket":8},"minecraft:picked_up":{"minecraft:stone_sword":1,"minecraft:bucket":6}},"DataVersion":3465}