{"stats":{"minecraft:custom":{"minecraft:jump":1367,"minecraft:time_since_rest":351,"minecraft:damage_dealt":410,"minecraft:damage_taken":2174,"minecraft:crouch_one_cm":1004,"minecraft:leave_game":2,"minecraft:play_time":58319,"minecraft:sprint_one_cm":87289,"minecraft:time_since_death":344,"minecraft:walk_one_cm":96975,"minecraft:deaths":8,"minecraft:sneak_time":1691,"minecraft:total_world_time":58319,"minecraft:climb_one_cm":5480,"minecraft:damage_resisted":4229,"minecraft:fall_one_cm":46832,"minecraft:fly_one_cm":443456},"minecraft:used":{"minecraft:milk_bucket":1,"minecraft:honey_bottle":2},"minecraft:killed_by":{"minecraft:player":3}},"DataVersion":3465}