{"stats":{"minecraft:custom":{"minecraft:time_since_rest":6833,"minecraft:crouch_one_cm":13617,"minecraft:sprint_one_cm":110325,"minecraft:play_time":82319,"minecraft:deaths":22,"minecraft:damage_taken":6601,"minecraft:walk_one_cm":144934,"minecraft:sneak_time":4664,"minecraft:drop":1,"minecraft:jump":1646,"minecraft:damage_dealt":511,"minecraft:leave_game":2,"minecraft:time_since_death":6822,"minecraft:sleep_in_bed":1,"minecraft:climb_one_cm":5480,"minecraft:total_world_time":82319,"minecraft:damage_resisted":4229,"minecraft:fly_one_cm":553650,"minecraft:fall_one_cm":77666},"minecraft:used":{"minecraft:stone_sword":6,"minecraft:milk_bucket":2,"minecraft:honey_bottle":4},"minecraft:killed_by":{"minecraft:ravager":11,"minecraft:player":6},"minecraft:dropped":{"minecraft:stone_sword":1}},"DataVersion":3465}