{"stats":{"minecraft:custom":{"minecraft:jump":1027,"minecraft:time_since_rest":18833,"minecraft:damage_dealt":231,"minecraft:damage_taken":681,"minecraft:crouch_one_cm":450,"minecraft:leave_game":1,"minecraft:play_time":34933,"minecraft:sprint_one_cm":62417,"minecraft:time_since_death":18825,"minecraft:walk_one_cm":62072,"minecraft:deaths":2,"minecraft:sneak_time":336,"minecraft:climb_one_cm":5480,"minecraft:total_world_time":34933,"minecraft:damage_resisted":4229,"minecraft:fall_one_cm":15459,"minecraft:fly_one_cm":284238}},"DataVersion":3465}