{"stats":{"minecraft:custom":{"minecraft:time_since_rest":2014,"minecraft:crouch_one_cm":13823,"minecraft:sprint_one_cm":142952,"minecraft:play_time":106319,"minecraft:deaths":24,"minecraft:damage_taken":6964,"minecraft:walk_one_cm":190081,"minecraft:sneak_time":4911,"minecraft:drop":10,"minecraft:jump":2567,"minecraft:damage_dealt":511,"minecraft:leave_game":2,"minecraft:time_since_death":2005,"minecraft:sleep_in_bed":1,"minecraft:climb_one_cm":17908,"minecraft:total_world_time":106319,"minecraft:damage_resisted":10342,"minecraft:fly_one_cm":734454,"minecraft:fall_one_cm":103569},"minecraft:used":{"minecraft:stone_sword":8,"minecraft:milk_bucket":2,"minecraft:honey_bottle":6},"minecraft:killed_by":{"minecraft:ravager":11,"minecraft:player":7},"minecraft:dropped":{"minecraft:stone_sword":2,"minecraft:bucket":8},"minecraft:picked_up":{"minecraft:stone_sword":1,"minecraft:bucket":6}},"DataVersion":3465}