{"stats":{"minecraft:custom":{"minecraft:time_since_rest":2953,"minecraft:crouch_one_cm":14357,"minecraft:sprint_one_cm":157470,"minecraft:play_time":118319,"minecraft:deaths":27,"minecraft:damage_taken":7487,"minecraft:walk_one_cm":213712,"minecraft:sneak_time":5581,"minecraft:drop":10,"minecraft:jump":2881,"minecraft:damage_dealt":697,"minecraft:leave_game":2,"minecraft:time_since_death":2945,"minecraft:sleep_in_bed":1,"minecraft:climb_one_cm":17908,"minecraft:total_world_time":118319,"minecraft:damage_resisted":11888,"minecraft:fly_one_cm":838275,"minecraft:fall_one_cm":111978},"minecraft:used":{"minecraft:stone_sword":13,"minecraft:milk_bucket":3,"minecraft:honey_bottle":6},"minecraft:killed_by":{"minecraft:ravager":11,"minecraft:player":9},"minecraft:dropped":{"minecraft:stone_sword":2,"minecraft:bucket":8},"minecraft:picked_up":{"minecraft:stone_sword":1,"minecraft:bucket":6}},"DataVersion":3465}