{"stats":{"minecraft:custom":{"minecraft:jump":1348,"minecraft:time_since_rest":717,"minecraft:damage_dealt":376,"minecraft:damage_taken":1486,"minecraft:crouch_one_cm":792,"minecraft:leave_game":1,"minecraft:play_time":46933,"minecraft:sprint_one_cm":84256,"minecraft:time_since_death":709,"minecraft:walk_one_cm":90457,"minecraft:deaths":6,"minecraft:sneak_time":397,"minecraft:climb_one_cm":5480,"minecraft:total_world_time":46933,"minecraft:damage_resisted":4229,"minecraft:fall_one_cm":43335,"minecraft:fly_one_cm":395953},"minecraft:killed_by":{"minecraft:player":1}},"DataVersion":3465}