{"stats":{"minecraft:custom":{"minecraft:jump":1494,"minecraft:time_since_rest":214,"minecraft:damage_dealt":511,"minecraft:damage_taken":3477,"minecraft:crouch_one_cm":4366,"minecraft:leave_game":2,"minecraft:play_time":70319,"minecraft:sprint_one_cm":95231,"minecraft:time_since_death":205,"minecraft:walk_one_cm":128868,"minecraft:deaths":12,"minecraft:sleep_in_bed":1,"minecraft:sneak_time":2238,"minecraft:total_world_time":70319,"minecraft:climb_one_cm":5480,"minecraft:damage_resisted":4229,"minecraft:fall_one_cm":59245,"minecraft:fly_one_cm":482063},"minecraft:used":{"minecraft:stone_sword":6,"minecraft:milk_bucket":2,"minecraft:honey_bottle":4},"minecraft:killed_by":{"minecraft:player":6,"minecraft:ravager":1}},"DataVersion":3465}