{"stats":{"minecraft:custom":{"minecraft:time_since_rest":230,"minecraft:crouch_one_cm":16347,"minecraft:sprint_one_cm":172579,"minecraft:play_time":130319,"minecraft:deaths":29,"minecraft:damage_taken":8063,"minecraft:walk_one_cm":241881,"minecraft:sneak_time":6009,"minecraft:drop":10,"minecraft:jump":3214,"minecraft:damage_dealt":968,"minecraft:leave_game":2,"minecraft:time_since_death":223,"minecraft:sleep_in_bed":1,"minecraft:climb_one_cm":17908,"minecraft:total_world_time":130319,"minecraft:damage_resisted":13109,"minecraft:fly_one_cm":942510,"minecraft:fall_one_cm":124082,"minecraft:player_kills":1},"minecraft:used":{"minecraft:stone_sword":21,"minecraft:milk_bucket":4,"minecraft:honey_bottle":8},"minecraft:killed_by":{"minecraft:ravager":11,"minecraft:player":10},"minecraft:dropped":{"minecraft:stone_sword":2,"minecraft:bucket":8},"minecraft:picked_up":{"minecraft:stone_sword":1,"minecraft:bucket":6}},"DataVersion":3465}