{
  "minecraft:recipes/decorations/crafting_table": {
    "criteria": {
      "unlock_right_away": "2024-08-28 16:11:29 +0000"
    },
    "done": true
  },
  "minecraft:adventure/adventuring_time": {
    "criteria": {
      "minecraft:taiga": "2024-08-31 17:20:20 +0000",
      "minecraft:frozen_river": "2024-08-28 16:14:22 +0000",
      "minecraft:beach": "2024-08-31 17:27:48 +0000",
      "minecraft:river": "2024-08-31 17:28:18 +0000",
      "minecraft:snowy_plains": "2024-08-28 16:11:29 +0000",
      "minecraft:snowy_taiga": "2024-08-28 16:14:24 +0000",
      "minecraft:cold_ocean": "2024-08-31 17:27:55 +0000",
      "minecraft:ice_spikes": "2024-08-30 01:31:12 +0000",
      "minecraft:frozen_ocean": "2024-08-28 16:30:52 +0000",
      "minecraft:snowy_beach": "2024-08-28 16:20:05 +0000"
    },
    "done": false
  },
  "extendedslabs:recipes/building_blocks/light_gray_concrete_stairs": {
    "criteria": {
      "has_item": "2024-08-28 16:15:13 +0000"
    },
    "done": true
  },
  "extendedslabs:recipes/building_blocks/vertical_light_gray_concrete_slab": {
    "criteria": {
      "has_item": "2024-08-28 16:15:13 +0000"
    },
    "done": true
  },
  "extendedslabs:recipes/building_blocks/light_gray_concrete_slab": {
    "criteria": {
      "has_item": "2024-08-28 16:15:13 +0000"
    },
    "done": true
  },
  "minecraft:recipes/building_blocks/chiseled_sandstone": {
    "criteria": {
      "has_sandstone_slab": "2024-08-28 16:15:47 +0000"
    },
    "done": true
  },
  "extendedslabs:recipes/building_blocks/vertical_sandstone_slab_from_sandstone_slab": {
    "criteria": {
      "has_item": "2024-08-28 16:15:47 +0000"
    },
    "done": true
  },
  "extendedslabs:recipes/building_blocks/sandstone_corner_from_sandstone_stairs": {
    "criteria": {
      "has_item": "2024-08-28 16:15:48 +0000"
    },
    "done": true
  },
  "extendedslabs:recipes/building_blocks/sandstone_vertical_slab_from_sandstone_stonecutting": {
    "criteria": {
      "has_sandstone": "2024-08-28 16:15:49 +0000"
    },
    "done": true
  },
  "minecraft:recipes/building_blocks/sandstone_slab": {
    "criteria": {
      "has_sandstone": "2024-08-28 16:15:49 +0000"
    },
    "done": true
  },
  "minecraft:recipes/building_blocks/smooth_sandstone": {
    "criteria": {
      "has_sandstone": "2024-08-28 16:15:49 +0000"
    },
    "done": true
  },
  "minecraft:recipes/decorations/sandstone_wall_from_sandstone_stonecutting": {
    "criteria": {
      "has_sandstone": "2024-08-28 16:15:49 +0000"
    },
    "done": true
  },
  "minecraft:recipes/building_blocks/cut_sandstone": {
    "criteria": {
      "has_sandstone": "2024-08-28 16:15:49 +0000"
    },
    "done": true
  },
  "minecraft:recipes/building_blocks/sandstone_stairs_from_sandstone_stonecutting": {
    "criteria": {
      "has_sandstone": "2024-08-28 16:15:49 +0000"
    },
    "done": true
  },
  "extendedslabs:recipes/building_blocks/cut_sandstone_vertical_slab_from_sandstone_stonecutting": {
    "criteria": {
      "has_sandstone": "2024-08-28 16:15:49 +0000"
    },
    "done": true
  },
  "minecraft:recipes/building_blocks/sandstone_stairs": {
    "criteria": {
      "has_sandstone": "2024-08-28 16:15:49 +0000"
    },
    "done": true
  },
  "extendedslabs:recipes/building_blocks/cut_sandstone_vertical_slab_from_cut_sandstone_stonecutting": {
    "criteria": {
      "has_sandstone": "2024-08-28 16:15:49 +0000"
    },
    "done": true
  },
  "extendedslabs:recipes/building_blocks/vertical_sandstone_slab": {
    "criteria": {
      "has_item": "2024-08-28 16:15:49 +0000"
    },
    "done": true
  },
  "minecraft:recipes/building_blocks/cut_sandstone_from_sandstone_stonecutting": {
    "criteria": {
      "has_sandstone": "2024-08-28 16:15:49 +0000"
    },
    "done": true
  },
  "minecraft:recipes/building_blocks/chiseled_sandstone_from_sandstone_stonecutting": {
    "criteria": {
      "has_sandstone": "2024-08-28 16:15:49 +0000"
    },
    "done": true
  },
  "minecraft:recipes/building_blocks/cut_sandstone_slab_from_sandstone_stonecutting": {
    "criteria": {
      "has_sandstone": "2024-08-28 16:15:49 +0000"
    },
    "done": true
  },
  "minecraft:recipes/building_blocks/sandstone_slab_from_sandstone_stonecutting": {
    "criteria": {
      "has_sandstone": "2024-08-28 16:15:49 +0000"
    },
    "done": true
  },
  "minecraft:recipes/decorations/sandstone_wall": {
    "criteria": {
      "has_sandstone": "2024-08-28 16:15:49 +0000"
    },
    "done": true
  },
  "extendedslabs:recipes/building_blocks/spruce_wood_slab_from_vertical_spruce_wood_slab": {
    "criteria": {
      "has_item": "2024-08-28 16:20:40 +0000"
    },
    "done": true
  },
  "extendedslabs:recipes/building_blocks/vertical_blue_wool_slab": {
    "criteria": {
      "has_item": "2024-08-28 16:29:48 +0000"
    },
    "done": true
  },
  "extendedslabs:recipes/building_blocks/blue_wool_stairs": {
    "criteria": {
      "has_item": "2024-08-28 16:29:48 +0000"
    },
    "done": true
  },
  "minecraft:recipes/decorations/painting": {
    "criteria": {
      "has_wool": "2024-08-28 16:29:48 +0000"
    },
    "done": true
  },
  "minecraft:recipes/decorations/blue_bed": {
    "criteria": {
      "has_blue_wool": "2024-08-28 16:29:48 +0000"
    },
    "done": true
  },
  "minecraft:recipes/decorations/blue_carpet": {
    "criteria": {
      "has_blue_wool": "2024-08-28 16:29:48 +0000"
    },
    "done": true
  },
  "minecraft:recipes/decorations/blue_banner": {
    "criteria": {
      "has_blue_wool": "2024-08-28 16:29:48 +0000"
    },
    "done": true
  },
  "extendedslabs:recipes/building_blocks/blue_wool_slab": {
    "criteria": {
      "has_item": "2024-08-28 16:29:48 +0000"
    },
    "done": true
  },
  "minecraft:recipes/food/honey_bottle": {
    "criteria": {
      "has_honey_block": "2024-08-28 16:37:20 +0000"
    },
    "done": true
  },
  "minecraft:recipes/building_blocks/mossy_stone_bricks_from_vine": {
    "criteria": {
      "has_vine": "2024-08-28 16:37:21 +0000"
    },
    "done": true
  },
  "minecraft:recipes/building_blocks/mossy_cobblestone_from_vine": {
    "criteria": {
      "has_vine": "2024-08-28 16:37:21 +0000"
    },
    "done": true
  },
  "extendedslabs:recipes/building_blocks/light_gray_concrete_corner_from_light_gray_concrete_stairs": {
    "criteria": {
      "has_item": "2024-08-28 16:38:57 +0000"
    },
    "done": true
  },
  "extendedslabs:recipes/building_blocks/black_concrete_stairs": {
    "criteria": {
      "has_item": "2024-08-28 16:40:21 +0000"
    },
    "done": true
  },
  "extendedslabs:recipes/building_blocks/black_concrete_slab": {
    "criteria": {
      "has_item": "2024-08-28 16:40:21 +0000"
    },
    "done": true
  },
  "extendedslabs:recipes/building_blocks/vertical_black_concrete_slab": {
    "criteria": {
      "has_item": "2024-08-28 16:40:21 +0000"
    },
    "done": true
  },
  "extendedslabs:recipes/building_blocks/blue_wool_corner_from_blue_wool_stairs": {
    "criteria": {
      "has_item": "2024-08-28 16:46:19 +0000"
    },
    "done": true
  },
  "minecraft:recipes/decorations/stone_brick_wall": {
    "criteria": {
      "has_stone_bricks": "2024-08-28 16:46:54 +0000"
    },
    "done": true
  },
  "extendedslabs:recipes/building_blocks/vertical_stone_brick_slab": {
    "criteria": {
      "has_item": "2024-08-28 16:46:54 +0000"
    },
    "done": true
  },
  "extendedslabs:recipes/building_blocks/stone_brick_vertical_slab_from_stone_bricks_stonecutting": {
    "criteria": {
      "has_stone_bricks": "2024-08-28 16:46:54 +0000"
    },
    "done": true
  },
  "minecraft:recipes/building_blocks/cracked_stone_bricks": {
    "criteria": {
      "has_stone_bricks": "2024-08-28 16:46:54 +0000"
    },
    "done": true
  },
  "minecraft:recipes/building_blocks/stone_brick_stairs_from_stone_bricks_stonecutting": {
    "criteria": {
      "has_stone_bricks": "2024-08-28 16:46:54 +0000"
    },
    "done": true
  },
  "minecraft:recipes/building_blocks/stone_brick_stairs": {
    "criteria": {
      "has_stone_bricks": "2024-08-28 16:46:54 +0000"
    },
    "done": true
  },
  "minecraft:recipes/building_blocks/chiseled_stone_bricks": {
    "criteria": {
      "has_tag": "2024-08-28 16:46:54 +0000"
    },
    "done": true
  },
  "minecraft:recipes/decorations/stone_brick_wall_from_stone_bricks_stonecutting": {
    "criteria": {
      "has_stone_bricks": "2024-08-28 16:46:54 +0000"
    },
    "done": true
  },
  "minecraft:recipes/building_blocks/stone_brick_slab_from_stone_bricks_stonecutting": {
    "criteria": {
      "has_stone_bricks": "2024-08-28 16:46:54 +0000"
    },
    "done": true
  },
  "minecraft:recipes/building_blocks/stone_brick_slab": {
    "criteria": {
      "has_stone_bricks": "2024-08-28 16:46:54 +0000"
    },
    "done": true
  },
  "minecraft:recipes/building_blocks/chiseled_stone_bricks_from_stone_bricks_stonecutting": {
    "criteria": {
      "has_stone_bricks": "2024-08-28 16:46:54 +0000"
    },
    "done": true
  },
  "minecraft:recipes/decorations/black_carpet": {
    "criteria": {
      "has_black_wool": "2024-08-28 17:11:31 +0000"
    },
    "done": true
  },
  "extendedslabs:recipes/building_blocks/black_wool_stairs": {
    "criteria": {
      "has_item": "2024-08-28 17:11:31 +0000"
    },
    "done": true
  },
  "minecraft:recipes/decorations/black_banner": {
    "criteria": {
      "has_black_wool": "2024-08-28 17:11:31 +0000"
    },
    "done": true
  },
  "extendedslabs:recipes/building_blocks/black_wool_slab": {
    "criteria": {
      "has_item": "2024-08-28 17:11:31 +0000"
    },
    "done": true
  },
  "minecraft:recipes/decorations/black_bed": {
    "criteria": {
      "has_black_wool": "2024-08-28 17:11:31 +0000"
    },
    "done": true
  },
  "extendedslabs:recipes/building_blocks/vertical_black_wool_slab": {
    "criteria": {
      "has_item": "2024-08-28 17:11:31 +0000"
    },
    "done": true
  },
  "minecraft:recipes/decorations/chest": {
    "criteria": {
      "has_lots_of_items": "2024-08-28 17:32:29 +0000"
    },
    "done": true
  },
  "extendedslabs:recipes/building_blocks/lime_concrete_slab_from_vertical_lime_concrete_slab": {
    "criteria": {
      "has_item": "2024-08-28 17:48:28 +0000"
    },
    "done": true
  },
  "minecraft:recipes/misc/sugar_from_honey_bottle": {
    "criteria": {
      "has_honey_bottle": "2024-08-28 18:10:07 +0000"
    },
    "done": true
  },
  "minecraft:recipes/redstone/honey_block": {
    "criteria": {
      "has_honey_bottle": "2024-08-28 18:10:07 +0000"
    },
    "done": true
  },
  "minecraft:husbandry/root": {
    "criteria": {
      "consumed_item": "2024-08-28 18:11:29 +0000"
    },
    "done": true
  },
  "minecraft:husbandry/balanced_diet": {
    "criteria": {
      "golden_apple": "2024-08-28 18:11:29 +0000"
    },
    "done": false
  },
  "minecraft:adventure/root": {
    "criteria": {
      "killed_something": "2024-08-28 18:11:41 +0000"
    },
    "done": true
  },
  "minecraft:recipes/misc/gold_nugget_from_smelting": {
    "criteria": {
      "has_golden_helmet": "2024-08-28 19:29:25 +0000"
    },
    "done": true
  },
  "minecraft:recipes/misc/gold_nugget_from_blasting": {
    "criteria": {
      "has_golden_helmet": "2024-08-28 19:29:25 +0000"
    },
    "done": true
  },
  "extendedslabs:recipes/building_blocks/vertical_light_gray_concrete_slab_from_light_gray_concrete_slab": {
    "criteria": {
      "has_item": "2024-08-28 19:30:06 +0000"
    },
    "done": true
  },
  "extendedslabs:recipes/building_blocks/vertical_birch_wood_slab_from_birch_wood_slab": {
    "criteria": {
      "has_item": "2024-08-29 02:47:09 +0000"
    },
    "done": true
  },
  "extendedslabs:recipes/building_blocks/white_concrete_slab": {
    "criteria": {
      "has_item": "2024-08-29 02:50:38 +0000"
    },
    "done": true
  },
  "extendedslabs:recipes/building_blocks/white_concrete_stairs": {
    "criteria": {
      "has_item": "2024-08-29 02:50:38 +0000"
    },
    "done": true
  },
  "extendedslabs:recipes/building_blocks/vertical_white_concrete_slab": {
    "criteria": {
      "has_item": "2024-08-29 02:50:38 +0000"
    },
    "done": true
  },
  "extendedslabs:recipes/building_blocks/light_gray_concrete_powder_stairs": {
    "criteria": {
      "has_item": "2024-08-29 02:50:44 +0000"
    },
    "done": true
  },
  "extendedslabs:recipes/building_blocks/vertical_light_gray_concrete_powder_slab": {
    "criteria": {
      "has_item": "2024-08-29 02:50:44 +0000"
    },
    "done": true
  },
  "extendedslabs:recipes/building_blocks/light_gray_concrete_powder_slab": {
    "criteria": {
      "has_item": "2024-08-29 02:50:44 +0000"
    },
    "done": true
  },
  "minecraft:recipes/decorations/ladder": {
    "criteria": {
      "has_stick": "2024-08-29 03:32:21 +0000"
    },
    "done": true
  },
  "minecraft:recipes/tools/wooden_axe": {
    "criteria": {
      "has_stick": "2024-08-29 03:32:21 +0000"
    },
    "done": true
  },
  "minecraft:recipes/decorations/campfire": {
    "criteria": {
      "has_stick": "2024-08-29 03:32:21 +0000"
    },
    "done": true
  },
  "minecraft:recipes/tools/wooden_hoe": {
    "criteria": {
      "has_stick": "2024-08-29 03:32:21 +0000"
    },
    "done": true
  },
  "minecraft:recipes/tools/wooden_pickaxe": {
    "criteria": {
      "has_stick": "2024-08-29 03:32:21 +0000"
    },
    "done": true
  },
  "minecraft:recipes/tools/wooden_shovel": {
    "criteria": {
      "has_stick": "2024-08-29 03:32:21 +0000"
    },
    "done": true
  },
  "minecraft:recipes/combat/wooden_sword": {
    "criteria": {
      "has_stick": "2024-08-29 03:32:21 +0000"
    },
    "done": true
  },
  "minecraft:recipes/redstone/redstone_torch": {
    "criteria": {
      "has_redstone": "2024-08-29 22:11:07 +0000"
    },
    "done": true
  },
  "minecraft:recipes/tools/clock": {
    "criteria": {
      "has_redstone": "2024-08-29 22:11:07 +0000"
    },
    "done": true
  },
  "minecraft:recipes/redstone/note_block": {
    "criteria": {
      "has_redstone": "2024-08-29 22:11:07 +0000"
    },
    "done": true
  },
  "minecraft:recipes/redstone/target": {
    "criteria": {
      "has_redstone": "2024-08-29 22:11:07 +0000"
    },
    "done": true
  },
  "minecraft:recipes/tools/compass": {
    "criteria": {
      "has_redstone": "2024-08-29 22:11:07 +0000"
    },
    "done": true
  },
  "minecraft:recipes/redstone/dropper": {
    "criteria": {
      "has_redstone": "2024-08-29 22:11:07 +0000"
    },
    "done": true
  },
  "minecraft:recipes/redstone/redstone_block": {
    "criteria": {
      "has_redstone": "2024-08-29 22:11:07 +0000"
    },
    "done": true
  },
  "minecraft:recipes/redstone/piston": {
    "criteria": {
      "has_redstone": "2024-08-29 22:11:07 +0000"
    },
    "done": true
  },
  "minecraft:adventure/honey_block_slide": {
    "criteria": {
      "honey_block_slide": "2024-08-29 22:47:26 +0000"
    },
    "done": true
  },
  "minecraft:recipes/misc/green_dye": {
    "criteria": {
      "has_cactus": "2024-08-30 01:27:00 +0000"
    },
    "done": true
  },
  "minecraft:recipes/misc/iron_nugget_from_smelting": {
    "criteria": {
      "has_iron_axe": "2024-08-30 01:27:11 +0000"
    },
    "done": true
  },
  "minecraft:recipes/misc/iron_nugget_from_blasting": {
    "criteria": {
      "has_iron_axe": "2024-08-30 01:27:11 +0000"
    },
    "done": true
  },
  "extendedslabs:recipes/building_blocks/oak_wood_corner_from_oak_wood_stairs": {
    "criteria": {
      "has_item": "2024-08-30 01:29:44 +0000"
    },
    "done": true
  },
  "extendedslabs:recipes/building_blocks/white_concrete_powder_corner_from_white_concrete_powder_stairs": {
    "criteria": {
      "has_item": "2024-08-30 01:35:54 +0000"
    },
    "done": true
  },
  "extendedslabs:recipes/building_blocks/white_concrete_corner_from_white_concrete_stairs": {
    "criteria": {
      "has_item": "2024-08-30 01:36:07 +0000"
    },
    "done": true
  },
  "minecraft:recipes/building_blocks/lime_terracotta": {
    "criteria": {
      "has_terracotta": "2024-08-31 03:05:28 +0000"
    },
    "done": true
  },
  "minecraft:recipes/building_blocks/light_gray_terracotta": {
    "criteria": {
      "has_terracotta": "2024-08-31 03:05:28 +0000"
    },
    "done": true
  },
  "minecraft:recipes/building_blocks/red_terracotta": {
    "criteria": {
      "has_terracotta": "2024-08-31 03:05:28 +0000"
    },
    "done": true
  },
  "minecraft:recipes/building_blocks/black_terracotta": {
    "criteria": {
      "has_terracotta": "2024-08-31 03:05:28 +0000"
    },
    "done": true
  },
  "extendedslabs:recipes/building_blocks/vertical_terracotta_slab": {
    "criteria": {
      "has_item": "2024-08-31 03:05:28 +0000"
    },
    "done": true
  },
  "minecraft:recipes/building_blocks/pink_terracotta": {
    "criteria": {
      "has_terracotta": "2024-08-31 03:05:28 +0000"
    },
    "done": true
  },
  "minecraft:recipes/building_blocks/blue_terracotta": {
    "criteria": {
      "has_terracotta": "2024-08-31 03:05:28 +0000"
    },
    "done": true
  },
  "minecraft:recipes/building_blocks/light_blue_terracotta": {
    "criteria": {
      "has_terracotta": "2024-08-31 03:05:28 +0000"
    },
    "done": true
  },
  "minecraft:recipes/building_blocks/yellow_terracotta": {
    "criteria": {
      "has_terracotta": "2024-08-31 03:05:28 +0000"
    },
    "done": true
  },
  "minecraft:recipes/building_blocks/purple_terracotta": {
    "criteria": {
      "has_terracotta": "2024-08-31 03:05:28 +0000"
    },
    "done": true
  },
  "minecraft:recipes/building_blocks/white_terracotta": {
    "criteria": {
      "has_terracotta": "2024-08-31 03:05:28 +0000"
    },
    "done": true
  },
  "minecraft:recipes/building_blocks/orange_terracotta": {
    "criteria": {
      "has_terracotta": "2024-08-31 03:05:28 +0000"
    },
    "done": true
  },
  "minecraft:recipes/building_blocks/magenta_terracotta": {
    "criteria": {
      "has_terracotta": "2024-08-31 03:05:28 +0000"
    },
    "done": true
  },
  "minecraft:recipes/building_blocks/cyan_terracotta": {
    "criteria": {
      "has_terracotta": "2024-08-31 03:05:28 +0000"
    },
    "done": true
  },
  "minecraft:recipes/building_blocks/gray_terracotta": {
    "criteria": {
      "has_terracotta": "2024-08-31 03:05:28 +0000"
    },
    "done": true
  },
  "minecraft:recipes/building_blocks/green_terracotta": {
    "criteria": {
      "has_terracotta": "2024-08-31 03:05:28 +0000"
    },
    "done": true
  },
  "minecraft:recipes/building_blocks/brown_terracotta": {
    "criteria": {
      "has_terracotta": "2024-08-31 03:05:28 +0000"
    },
    "done": true
  },
  "extendedslabs:recipes/building_blocks/terracotta_slab": {
    "criteria": {
      "has_item": "2024-08-31 03:05:28 +0000"
    },
    "done": true
  },
  "extendedslabs:recipes/building_blocks/terracotta_stairs": {
    "criteria": {
      "has_item": "2024-08-31 03:05:28 +0000"
    },
    "done": true
  },
  "extendedslabs:recipes/building_blocks/vertical_sand_slab": {
    "criteria": {
      "has_item": "2024-08-31 03:09:45 +0000"
    },
    "done": true
  },
  "minecraft:recipes/building_blocks/light_gray_concrete_powder": {
    "criteria": {
      "has_sand": "2024-08-31 03:09:45 +0000"
    },
    "done": true
  },
  "minecraft:recipes/building_blocks/pink_concrete_powder": {
    "criteria": {
      "has_sand": "2024-08-31 03:09:45 +0000"
    },
    "done": true
  },
  "extendedslabs:recipes/building_blocks/sand_stairs": {
    "criteria": {
      "has_item": "2024-08-31 03:09:45 +0000"
    },
    "done": true
  },
  "minecraft:recipes/building_blocks/red_concrete_powder": {
    "criteria": {
      "has_sand": "2024-08-31 03:09:45 +0000"
    },
    "done": true
  },
  "minecraft:recipes/building_blocks/brown_concrete_powder": {
    "criteria": {
      "has_sand": "2024-08-31 03:09:45 +0000"
    },
    "done": true
  },
  "minecraft:recipes/building_blocks/light_blue_concrete_powder": {
    "criteria": {
      "has_sand": "2024-08-31 03:09:45 +0000"
    },
    "done": true
  },
  "minecraft:recipes/building_blocks/glass": {
    "criteria": {
      "has_smelts_to_glass": "2024-08-31 03:09:45 +0000"
    },
    "done": true
  },
  "minecraft:recipes/building_blocks/green_concrete_powder": {
    "criteria": {
      "has_sand": "2024-08-31 03:09:45 +0000"
    },
    "done": true
  },
  "minecraft:recipes/building_blocks/blue_concrete_powder": {
    "criteria": {
      "has_sand": "2024-08-31 03:09:45 +0000"
    },
    "done": true
  },
  "minecraft:recipes/building_blocks/white_concrete_powder": {
    "criteria": {
      "has_sand": "2024-08-31 03:09:45 +0000"
    },
    "done": true
  },
  "minecraft:recipes/building_blocks/lime_concrete_powder": {
    "criteria": {
      "has_sand": "2024-08-31 03:09:45 +0000"
    },
    "done": true
  },
  "minecraft:recipes/building_blocks/orange_concrete_powder": {
    "criteria": {
      "has_sand": "2024-08-31 03:09:45 +0000"
    },
    "done": true
  },
  "minecraft:recipes/building_blocks/magenta_concrete_powder": {
    "criteria": {
      "has_sand": "2024-08-31 03:09:45 +0000"
    },
    "done": true
  },
  "minecraft:recipes/building_blocks/yellow_concrete_powder": {
    "criteria": {
      "has_sand": "2024-08-31 03:09:45 +0000"
    },
    "done": true
  },
  "minecraft:recipes/building_blocks/sandstone": {
    "criteria": {
      "has_sand": "2024-08-31 03:09:45 +0000"
    },
    "done": true
  },
  "minecraft:recipes/building_blocks/gray_concrete_powder": {
    "criteria": {
      "has_sand": "2024-08-31 03:09:45 +0000"
    },
    "done": true
  },
  "minecraft:recipes/building_blocks/black_concrete_powder": {
    "criteria": {
      "has_sand": "2024-08-31 03:09:45 +0000"
    },
    "done": true
  },
  "extendedslabs:recipes/building_blocks/sand_slab": {
    "criteria": {
      "has_item": "2024-08-31 03:09:45 +0000"
    },
    "done": true
  },
  "minecraft:recipes/building_blocks/purple_concrete_powder": {
    "criteria": {
      "has_sand": "2024-08-31 03:09:45 +0000"
    },
    "done": true
  },
  "minecraft:recipes/building_blocks/cyan_concrete_powder": {
    "criteria": {
      "has_sand": "2024-08-31 03:09:45 +0000"
    },
    "done": true
  },
  "minecraft:recipes/building_blocks/dripstone_block": {
    "criteria": {
      "has_pointed_dripstone": "2024-08-31 03:37:48 +0000"
    },
    "done": true
  },
  "extendedslabs:recipes/building_blocks/light_blue_concrete_stairs": {
    "criteria": {
      "has_item": "2024-08-31 17:38:19 +0000"
    },
    "done": true
  },
  "minecraft:recipes/decorations/prismarine_wall_from_prismarine_stonecutting": {
    "criteria": {
      "has_prismarine": "2024-08-31 17:32:44 +0000"
    },
    "done": true
  },
  "minecraft:recipes/decorations/yellow_glazed_terracotta": {
    "criteria": {
      "has_yellow_terracotta": "2024-08-31 17:46:10 +0000"
    },
    "done": true
  },
  "minecraft:recipes/decorations/oak_sign": {
    "criteria": {
      "has_planks": "2024-08-31 17:59:52 +0000"
    },
    "done": true
  },
  "minecraft:recipes/redstone/oak_trapdoor": {
    "criteria": {
      "has_planks": "2024-08-31 17:59:52 +0000"
    },
    "done": true
  },
  "extendedslabs:recipes/building_blocks/lime_concrete_slab": {
    "criteria": {
      "has_item": "2024-08-31 17:34:29 +0000"
    },
    "done": true
  },
  "extendedslabs:recipes/building_blocks/vertical_oak_slab": {
    "criteria": {
      "has_item": "2024-08-31 17:59:52 +0000"
    },
    "done": true
  },
  "extendedslabs:recipes/building_blocks/oak_wood_stairs": {
    "criteria": {
      "has_item": "2024-08-31 17:54:24 +0000"
    },
    "done": true
  },
  "extendedslabs:recipes/building_blocks/oak_wood_slab": {
    "criteria": {
      "has_item": "2024-08-31 17:54:24 +0000"
    },
    "done": true
  },
  "minecraft:recipes/decorations/red_glazed_terracotta": {
    "criteria": {
      "has_red_terracotta": "2024-08-31 18:06:27 +0000"
    },
    "done": true
  },
  "extendedslabs:recipes/building_blocks/yellow_terracotta_slab": {
    "criteria": {
      "has_item": "2024-08-31 17:46:10 +0000"
    },
    "done": true
  },
  "minecraft:recipes/misc/stick": {
    "criteria": {
      "has_planks": "2024-08-31 17:59:52 +0000"
    },
    "done": true
  },
  "minecraft:recipes/decorations/prismarine_wall": {
    "criteria": {
      "has_prismarine": "2024-08-31 17:32:44 +0000"
    },
    "done": true
  },
  "extendedslabs:recipes/building_blocks/vertical_oak_wood_slab": {
    "criteria": {
      "has_item": "2024-08-31 17:54:24 +0000"
    },
    "done": true
  },
  "minecraft:recipes/building_blocks/oak_stairs": {
    "criteria": {
      "has_planks": "2024-08-31 17:59:52 +0000"
    },
    "done": true
  },
  "minecraft:recipes/building_blocks/prismarine_slab_from_prismarine_stonecutting": {
    "criteria": {
      "has_prismarine": "2024-08-31 17:32:44 +0000"
    },
    "done": true
  },
  "extendedslabs:recipes/building_blocks/lime_concrete_corner_from_lime_concrete_stairs": {
    "criteria": {
      "has_item": "2024-08-31 17:32:12 +0000"
    },
    "done": true
  },
  "minecraft:recipes/decorations/oak_fence": {
    "criteria": {
      "has_planks": "2024-08-31 17:59:52 +0000"
    },
    "done": true
  },
  "extendedslabs:recipes/building_blocks/vertical_lime_concrete_slab_from_lime_concrete_slab": {
    "criteria": {
      "has_item": "2024-08-31 17:32:14 +0000"
    },
    "done": true
  },
  "minecraft:recipes/redstone/redstone": {
    "criteria": {
      "has_redstone_block": "2024-08-31 17:42:32 +0000"
    },
    "done": true
  },
  "extendedslabs:recipes/building_blocks/lime_concrete_stairs_from_lime_concrete_corner": {
    "criteria": {
      "has_item": "2024-08-31 17:33:08 +0000"
    },
    "done": true
  },
  "extendedslabs:recipes/building_blocks/white_wool_slab": {
    "criteria": {
      "has_item": "2024-08-31 17:44:43 +0000"
    },
    "done": true
  },
  "extendedslabs:recipes/building_blocks/red_terracotta_corner_from_red_terracotta_stairs": {
    "criteria": {
      "has_item": "2024-08-31 18:05:27 +0000"
    },
    "done": true
  },
  "minecraft:recipes/decorations/white_carpet": {
    "criteria": {
      "has_white_wool": "2024-08-31 17:44:43 +0000"
    },
    "done": true
  },
  "minecraft:recipes/building_blocks/prismarine_stairs_from_prismarine_stonecutting": {
    "criteria": {
      "has_prismarine": "2024-08-31 17:32:44 +0000"
    },
    "done": true
  },
  "extendedslabs:recipes/building_blocks/vertical_lime_concrete_slab": {
    "criteria": {
      "has_item": "2024-08-31 17:34:29 +0000"
    },
    "done": true
  },
  "minecraft:recipes/redstone/oak_button": {
    "criteria": {
      "has_planks": "2024-08-31 17:59:52 +0000"
    },
    "done": true
  },
  "extendedslabs:recipes/building_blocks/vertical_red_terracotta_slab": {
    "criteria": {
      "has_item": "2024-08-31 18:06:27 +0000"
    },
    "done": true
  },
  "extendedslabs:recipes/building_blocks/light_blue_concrete_slab": {
    "criteria": {
      "has_item": "2024-08-31 17:38:19 +0000"
    },
    "done": true
  },
  "framedblocks:recipes/building_blocks/framed_cube": {
    "criteria": {
      "hasPlanks": "2024-08-31 17:59:52 +0000"
    },
    "done": true
  },
  "minecraft:recipes/building_blocks/oak_slab": {
    "criteria": {
      "has_planks": "2024-08-31 17:59:52 +0000"
    },
    "done": true
  },
  "extendedslabs:recipes/building_blocks/white_wool_stairs": {
    "criteria": {
      "has_item": "2024-08-31 17:44:43 +0000"
    },
    "done": true
  },
  "extendedslabs:recipes/building_blocks/lime_concrete_stairs": {
    "criteria": {
      "has_item": "2024-08-31 17:34:29 +0000"
    },
    "done": true
  },
  "minecraft:recipes/decorations/white_banner": {
    "criteria": {
      "has_white_wool": "2024-08-31 17:44:43 +0000"
    },
    "done": true
  },
  "minecraft:recipes/redstone/oak_fence_gate": {
    "criteria": {
      "has_planks": "2024-08-31 17:59:52 +0000"
    },
    "done": true
  },
  "minecraft:recipes/misc/charcoal": {
    "criteria": {
      "has_log": "2024-08-31 17:54:24 +0000"
    },
    "done": true
  },
  "extendedslabs:recipes/building_blocks/red_terracotta_stairs": {
    "criteria": {
      "has_item": "2024-08-31 18:06:27 +0000"
    },
    "done": true
  },
  "extendedslabs:recipes/building_blocks/vertical_white_wool_slab": {
    "criteria": {
      "has_item": "2024-08-31 17:44:43 +0000"
    },
    "done": true
  },
  "extendedslabs:recipes/building_blocks/lime_wool_corner_from_lime_wool_stairs": {
    "criteria": {
      "has_item": "2024-08-31 17:31:59 +0000"
    },
    "done": true
  },
  "minecraft:recipes/redstone/oak_pressure_plate": {
    "criteria": {
      "has_planks": "2024-08-31 17:59:52 +0000"
    },
    "done": true
  },
  "extendedslabs:recipes/building_blocks/red_terracotta_slab": {
    "criteria": {
      "has_item": "2024-08-31 18:06:27 +0000"
    },
    "done": true
  },
  "minecraft:recipes/redstone/oak_door": {
    "criteria": {
      "has_planks": "2024-08-31 17:59:52 +0000"
    },
    "done": true
  },
  "extendedslabs:recipes/building_blocks/green_concrete_slab": {
    "criteria": {
      "has_item": "2024-08-31 17:43:09 +0000"
    },
    "done": true
  },
  "extendedslabs:recipes/building_blocks/yellow_terracotta_stairs": {
    "criteria": {
      "has_item": "2024-08-31 17:46:10 +0000"
    },
    "done": true
  },
  "extendedslabs:recipes/building_blocks/vertical_yellow_terracotta_slab": {
    "criteria": {
      "has_item": "2024-08-31 17:46:10 +0000"
    },
    "done": true
  },
  "minecraft:recipes/building_blocks/prismarine_stairs": {
    "criteria": {
      "has_prismarine": "2024-08-31 17:32:44 +0000"
    },
    "done": true
  },
  "extendedslabs:recipes/building_blocks/green_concrete_stairs": {
    "criteria": {
      "has_item": "2024-08-31 17:43:09 +0000"
    },
    "done": true
  },
  "extendedslabs:recipes/building_blocks/lime_wool_slab_from_vertical_lime_wool_slab": {
    "criteria": {
      "has_item": "2024-08-31 17:32:03 +0000"
    },
    "done": true
  },
  "minecraft:recipes/building_blocks/oak_planks": {
    "criteria": {
      "has_logs": "2024-08-31 17:54:24 +0000"
    },
    "done": true
  },
  "minecraft:recipes/decorations/barrel": {
    "criteria": {
      "has_planks": "2024-08-31 17:59:52 +0000"
    },
    "done": true
  },
  "minecraft:recipes/decorations/white_bed": {
    "criteria": {
      "has_white_wool": "2024-08-31 17:44:43 +0000"
    },
    "done": true
  },
  "extendedslabs:recipes/building_blocks/vertical_prismarine_slab": {
    "criteria": {
      "has_item": "2024-08-31 17:32:44 +0000"
    },
    "done": true
  },
  "minecraft:recipes/building_blocks/prismarine_slab": {
    "criteria": {
      "has_prismarine": "2024-08-31 17:32:44 +0000"
    },
    "done": true
  },
  "extendedslabs:recipes/building_blocks/vertical_green_concrete_slab": {
    "criteria": {
      "has_item": "2024-08-31 17:43:09 +0000"
    },
    "done": true
  },
  "extendedslabs:recipes/building_blocks/vertical_light_blue_concrete_slab": {
    "criteria": {
      "has_item": "2024-08-31 17:38:19 +0000"
    },
    "done": true
  },
  "DataVersion": 3465
}