{
  "minecraft:recipes/decorations/crafting_table": {
    "criteria": {
      "unlock_right_away": "2024-08-28 16:11:29 +0000"
    },
    "done": true
  },
  "minecraft:adventure/adventuring_time": {
    "criteria": {
      "minecraft:taiga": "2024-08-31 17:20:20 +0000",
      "minecraft:frozen_river": "2024-08-28 16:14:22 +0000",
      "minecraft:beach": "2024-08-31 17:27:48 +0000",
      "minecraft:river": "2024-08-31 17:28:18 +0000",
      "minecraft:snowy_plains": "2024-08-28 16:11:29 +0000",
      "minecraft:snowy_taiga": "2024-08-28 16:14:24 +0000",
      "minecraft:cold_ocean": "2024-08-31 17:27:55 +0000",
      "minecraft:forest": "2024-08-31 19:22:00 +0000",
      "minecraft:ice_spikes": "2024-08-30 01:31:12 +0000",
      "minecraft:frozen_ocean": "2024-08-28 16:30:52 +0000",
      "minecraft:snowy_beach": "2024-08-28 16:20:05 +0000",
      "minecraft:plains": "2024-08-31 19:31:22 +0000"
    },
    "done": false
  },
  "extendedslabs:recipes/building_blocks/light_gray_concrete_stairs": {
    "criteria": {
      "has_item": "2024-08-28 16:15:13 +0000"
    },
    "done": true
  },
  "extendedslabs:recipes/building_blocks/vertical_light_gray_concrete_slab": {
    "criteria": {
      "has_item": "2024-08-28 16:15:13 +0000"
    },
    "done": true
  },
  "extendedslabs:recipes/building_blocks/light_gray_concrete_slab": {
    "criteria": {
      "has_item": "2024-08-28 16:15:13 +0000"
    },
    "done": true
  },
  "minecraft:recipes/building_blocks/chiseled_sandstone": {
    "criteria": {
      "has_sandstone_slab": "2024-08-28 16:15:47 +0000"
    },
    "done": true
  },
  "extendedslabs:recipes/building_blocks/vertical_sandstone_slab_from_sandstone_slab": {
    "criteria": {
      "has_item": "2024-08-28 16:15:47 +0000"
    },
    "done": true
  },
  "extendedslabs:recipes/building_blocks/sandstone_corner_from_sandstone_stairs": {
    "criteria": {
      "has_item": "2024-08-28 16:15:48 +0000"
    },
    "done": true
  },
  "extendedslabs:recipes/building_blocks/sandstone_vertical_slab_from_sandstone_stonecutting": {
    "criteria": {
      "has_sandstone": "2024-08-28 16:15:49 +0000"
    },
    "done": true
  },
  "minecraft:recipes/building_blocks/sandstone_slab": {
    "criteria": {
      "has_sandstone": "2024-08-28 16:15:49 +0000"
    },
    "done": true
  },
  "minecraft:recipes/building_blocks/smooth_sandstone": {
    "criteria": {
      "has_sandstone": "2024-08-28 16:15:49 +0000"
    },
    "done": true
  },
  "minecraft:recipes/decorations/sandstone_wall_from_sandstone_stonecutting": {
    "criteria": {
      "has_sandstone": "2024-08-28 16:15:49 +0000"
    },
    "done": true
  },
  "minecraft:recipes/building_blocks/cut_sandstone": {
    "criteria": {
      "has_sandstone": "2024-08-28 16:15:49 +0000"
    },
    "done": true
  },
  "minecraft:recipes/building_blocks/sandstone_stairs_from_sandstone_stonecutting": {
    "criteria": {
      "has_sandstone": "2024-08-28 16:15:49 +0000"
    },
    "done": true
  },
  "extendedslabs:recipes/building_blocks/cut_sandstone_vertical_slab_from_sandstone_stonecutting": {
    "criteria": {
      "has_sandstone": "2024-08-28 16:15:49 +0000"
    },
    "done": true
  },
  "minecraft:recipes/building_blocks/sandstone_stairs": {
    "criteria": {
      "has_sandstone": "2024-08-28 16:15:49 +0000"
    },
    "done": true
  },
  "extendedslabs:recipes/building_blocks/cut_sandstone_vertical_slab_from_cut_sandstone_stonecutting": {
    "criteria": {
      "has_sandstone": "2024-08-28 16:15:49 +0000"
    },
    "done": true
  },
  "extendedslabs:recipes/building_blocks/vertical_sandstone_slab": {
    "criteria": {
      "has_item": "2024-08-28 16:15:49 +0000"
    },
    "done": true
  },
  "minecraft:recipes/building_blocks/cut_sandstone_from_sandstone_stonecutting": {
    "criteria": {
      "has_sandstone": "2024-08-28 16:15:49 +0000"
    },
    "done": true
  },
  "minecraft:recipes/building_blocks/chiseled_sandstone_from_sandstone_stonecutting": {
    "criteria": {
      "has_sandstone": "2024-08-28 16:15:49 +0000"
    },
    "done": true
  },
  "minecraft:recipes/building_blocks/cut_sandstone_slab_from_sandstone_stonecutting": {
    "criteria": {
      "has_sandstone": "2024-08-28 16:15:49 +0000"
    },
    "done": true
  },
  "minecraft:recipes/building_blocks/sandstone_slab_from_sandstone_stonecutting": {
    "criteria": {
      "has_sandstone": "2024-08-28 16:15:49 +0000"
    },
    "done": true
  },
  "minecraft:recipes/decorations/sandstone_wall": {
    "criteria": {
      "has_sandstone": "2024-08-28 16:15:49 +0000"
    },
    "done": true
  },
  "extendedslabs:recipes/building_blocks/spruce_wood_slab_from_vertical_spruce_wood_slab": {
    "criteria": {
      "has_item": "2024-08-28 16:20:40 +0000"
    },
    "done": true
  },
  "extendedslabs:recipes/building_blocks/vertical_blue_wool_slab": {
    "criteria": {
      "has_item": "2024-08-28 16:29:48 +0000"
    },
    "done": true
  },
  "extendedslabs:recipes/building_blocks/blue_wool_stairs": {
    "criteria": {
      "has_item": "2024-08-28 16:29:48 +0000"
    },
    "done": true
  },
  "minecraft:recipes/decorations/painting": {
    "criteria": {
      "has_wool": "2024-08-28 16:29:48 +0000"
    },
    "done": true
  },
  "minecraft:recipes/decorations/blue_bed": {
    "criteria": {
      "has_blue_wool": "2024-08-28 16:29:48 +0000"
    },
    "done": true
  },
  "minecraft:recipes/decorations/blue_carpet": {
    "criteria": {
      "has_blue_wool": "2024-08-28 16:29:48 +0000"
    },
    "done": true
  },
  "minecraft:recipes/decorations/blue_banner": {
    "criteria": {
      "has_blue_wool": "2024-08-28 16:29:48 +0000"
    },
    "done": true
  },
  "extendedslabs:recipes/building_blocks/blue_wool_slab": {
    "criteria": {
      "has_item": "2024-08-28 16:29:48 +0000"
    },
    "done": true
  },
  "minecraft:recipes/food/honey_bottle": {
    "criteria": {
      "has_honey_block": "2024-08-28 16:37:20 +0000"
    },
    "done": true
  },
  "minecraft:recipes/building_blocks/mossy_stone_bricks_from_vine": {
    "criteria": {
      "has_vine": "2024-08-28 16:37:21 +0000"
    },
    "done": true
  },
  "minecraft:recipes/building_blocks/mossy_cobblestone_from_vine": {
    "criteria": {
      "has_vine": "2024-08-28 16:37:21 +0000"
    },
    "done": true
  },
  "extendedslabs:recipes/building_blocks/light_gray_concrete_corner_from_light_gray_concrete_stairs": {
    "criteria": {
      "has_item": "2024-08-28 16:38:57 +0000"
    },
    "done": true
  },
  "extendedslabs:recipes/building_blocks/black_concrete_stairs": {
    "criteria": {
      "has_item": "2024-08-28 16:40:21 +0000"
    },
    "done": true
  },
  "extendedslabs:recipes/building_blocks/black_concrete_slab": {
    "criteria": {
      "has_item": "2024-08-28 16:40:21 +0000"
    },
    "done": true
  },
  "extendedslabs:recipes/building_blocks/vertical_black_concrete_slab": {
    "criteria": {
      "has_item": "2024-08-28 16:40:21 +0000"
    },
    "done": true
  },
  "extendedslabs:recipes/building_blocks/blue_wool_corner_from_blue_wool_stairs": {
    "criteria": {
      "has_item": "2024-08-28 16:46:19 +0000"
    },
    "done": true
  },
  "minecraft:recipes/decorations/stone_brick_wall": {
    "criteria": {
      "has_stone_bricks": "2024-08-28 16:46:54 +0000"
    },
    "done": true
  },
  "extendedslabs:recipes/building_blocks/vertical_stone_brick_slab": {
    "criteria": {
      "has_item": "2024-08-28 16:46:54 +0000"
    },
    "done": true
  },
  "extendedslabs:recipes/building_blocks/stone_brick_vertical_slab_from_stone_bricks_stonecutting": {
    "criteria": {
      "has_stone_bricks": "2024-08-28 16:46:54 +0000"
    },
    "done": true
  },
  "minecraft:recipes/building_blocks/cracked_stone_bricks": {
    "criteria": {
      "has_stone_bricks": "2024-08-28 16:46:54 +0000"
    },
    "done": true
  },
  "minecraft:recipes/building_blocks/stone_brick_stairs_from_stone_bricks_stonecutting": {
    "criteria": {
      "has_stone_bricks": "2024-08-28 16:46:54 +0000"
    },
    "done": true
  },
  "minecraft:recipes/building_blocks/stone_brick_stairs": {
    "criteria": {
      "has_stone_bricks": "2024-08-28 16:46:54 +0000"
    },
    "done": true
  },
  "minecraft:recipes/building_blocks/chiseled_stone_bricks": {
    "criteria": {
      "has_tag": "2024-08-28 16:46:54 +0000"
    },
    "done": true
  },
  "minecraft:recipes/decorations/stone_brick_wall_from_stone_bricks_stonecutting": {
    "criteria": {
      "has_stone_bricks": "2024-08-28 16:46:54 +0000"
    },
    "done": true
  },
  "minecraft:recipes/building_blocks/stone_brick_slab_from_stone_bricks_stonecutting": {
    "criteria": {
      "has_stone_bricks": "2024-08-28 16:46:54 +0000"
    },
    "done": true
  },
  "minecraft:recipes/building_blocks/stone_brick_slab": {
    "criteria": {
      "has_stone_bricks": "2024-08-28 16:46:54 +0000"
    },
    "done": true
  },
  "minecraft:recipes/building_blocks/chiseled_stone_bricks_from_stone_bricks_stonecutting": {
    "criteria": {
      "has_stone_bricks": "2024-08-28 16:46:54 +0000"
    },
    "done": true
  },
  "minecraft:recipes/decorations/black_carpet": {
    "criteria": {
      "has_black_wool": "2024-08-28 17:11:31 +0000"
    },
    "done": true
  },
  "extendedslabs:recipes/building_blocks/black_wool_stairs": {
    "criteria": {
      "has_item": "2024-08-28 17:11:31 +0000"
    },
    "done": true
  },
  "minecraft:recipes/decorations/black_banner": {
    "criteria": {
      "has_black_wool": "2024-08-28 17:11:31 +0000"
    },
    "done": true
  },
  "extendedslabs:recipes/building_blocks/black_wool_slab": {
    "criteria": {
      "has_item": "2024-08-28 17:11:31 +0000"
    },
    "done": true
  },
  "minecraft:recipes/decorations/black_bed": {
    "criteria": {
      "has_black_wool": "2024-08-28 17:11:31 +0000"
    },
    "done": true
  },
  "extendedslabs:recipes/building_blocks/vertical_black_wool_slab": {
    "criteria": {
      "has_item": "2024-08-28 17:11:31 +0000"
    },
    "done": true
  },
  "minecraft:recipes/decorations/chest": {
    "criteria": {
      "has_lots_of_items": "2024-08-28 17:32:29 +0000"
    },
    "done": true
  },
  "extendedslabs:recipes/building_blocks/lime_concrete_slab_from_vertical_lime_concrete_slab": {
    "criteria": {
      "has_item": "2024-08-28 17:48:28 +0000"
    },
    "done": true
  },
  "minecraft:recipes/misc/sugar_from_honey_bottle": {
    "criteria": {
      "has_honey_bottle": "2024-08-28 18:10:07 +0000"
    },
    "done": true
  },
  "minecraft:recipes/redstone/honey_block": {
    "criteria": {
      "has_honey_bottle": "2024-08-28 18:10:07 +0000"
    },
    "done": true
  },
  "minecraft:husbandry/root": {
    "criteria": {
      "consumed_item": "2024-08-28 18:11:29 +0000"
    },
    "done": true
  },
  "minecraft:husbandry/balanced_diet": {
    "criteria": {
      "golden_apple": "2024-08-28 18:11:29 +0000"
    },
    "done": false
  },
  "minecraft:adventure/root": {
    "criteria": {
      "killed_something": "2024-08-28 18:11:41 +0000"
    },
    "done": true
  },
  "minecraft:recipes/misc/gold_nugget_from_smelting": {
    "criteria": {
      "has_golden_helmet": "2024-08-28 19:29:25 +0000"
    },
    "done": true
  },
  "minecraft:recipes/misc/gold_nugget_from_blasting": {
    "criteria": {
      "has_golden_helmet": "2024-08-28 19:29:25 +0000"
    },
    "done": true
  },
  "extendedslabs:recipes/building_blocks/vertical_light_gray_concrete_slab_from_light_gray_concrete_slab": {
    "criteria": {
      "has_item": "2024-08-28 19:30:06 +0000"
    },
    "done": true
  },
  "extendedslabs:recipes/building_blocks/vertical_birch_wood_slab_from_birch_wood_slab": {
    "criteria": {
      "has_item": "2024-08-29 02:47:09 +0000"
    },
    "done": true
  },
  "extendedslabs:recipes/building_blocks/white_concrete_slab": {
    "criteria": {
      "has_item": "2024-08-29 02:50:38 +0000"
    },
    "done": true
  },
  "extendedslabs:recipes/building_blocks/white_concrete_stairs": {
    "criteria": {
      "has_item": "2024-08-29 02:50:38 +0000"
    },
    "done": true
  },
  "extendedslabs:recipes/building_blocks/vertical_white_concrete_slab": {
    "criteria": {
      "has_item": "2024-08-29 02:50:38 +0000"
    },
    "done": true
  },
  "extendedslabs:recipes/building_blocks/light_gray_concrete_powder_stairs": {
    "criteria": {
      "has_item": "2024-08-29 02:50:44 +0000"
    },
    "done": true
  },
  "extendedslabs:recipes/building_blocks/vertical_light_gray_concrete_powder_slab": {
    "criteria": {
      "has_item": "2024-08-29 02:50:44 +0000"
    },
    "done": true
  },
  "extendedslabs:recipes/building_blocks/light_gray_concrete_powder_slab": {
    "criteria": {
      "has_item": "2024-08-29 02:50:44 +0000"
    },
    "done": true
  },
  "minecraft:recipes/decorations/ladder": {
    "criteria": {
      "has_stick": "2024-08-29 03:32:21 +0000"
    },
    "done": true
  },
  "minecraft:recipes/tools/wooden_axe": {
    "criteria": {
      "has_stick": "2024-08-29 03:32:21 +0000"
    },
    "done": true
  },
  "minecraft:recipes/decorations/campfire": {
    "criteria": {
      "has_stick": "2024-08-29 03:32:21 +0000"
    },
    "done": true
  },
  "minecraft:recipes/tools/wooden_hoe": {
    "criteria": {
      "has_stick": "2024-08-29 03:32:21 +0000"
    },
    "done": true
  },
  "minecraft:recipes/tools/wooden_pickaxe": {
    "criteria": {
      "has_stick": "2024-08-29 03:32:21 +0000"
    },
    "done": true
  },
  "minecraft:recipes/tools/wooden_shovel": {
    "criteria": {
      "has_stick": "2024-08-29 03:32:21 +0000"
    },
    "done": true
  },
  "minecraft:recipes/combat/wooden_sword": {
    "criteria": {
      "has_stick": "2024-08-29 03:32:21 +0000"
    },
    "done": true
  },
  "minecraft:recipes/redstone/redstone_torch": {
    "criteria": {
      "has_redstone": "2024-08-29 22:11:07 +0000"
    },
    "done": true
  },
  "minecraft:recipes/tools/clock": {
    "criteria": {
      "has_redstone": "2024-08-29 22:11:07 +0000"
    },
    "done": true
  },
  "minecraft:recipes/redstone/note_block": {
    "criteria": {
      "has_redstone": "2024-08-29 22:11:07 +0000"
    },
    "done": true
  },
  "minecraft:recipes/redstone/target": {
    "criteria": {
      "has_redstone": "2024-08-29 22:11:07 +0000"
    },
    "done": true
  },
  "minecraft:recipes/tools/compass": {
    "criteria": {
      "has_redstone": "2024-08-29 22:11:07 +0000"
    },
    "done": true
  },
  "minecraft:recipes/redstone/dropper": {
    "criteria": {
      "has_redstone": "2024-08-29 22:11:07 +0000"
    },
    "done": true
  },
  "minecraft:recipes/redstone/redstone_block": {
    "criteria": {
      "has_redstone": "2024-08-29 22:11:07 +0000"
    },
    "done": true
  },
  "minecraft:recipes/redstone/piston": {
    "criteria": {
      "has_redstone": "2024-08-29 22:11:07 +0000"
    },
    "done": true
  },
  "minecraft:adventure/honey_block_slide": {
    "criteria": {
      "honey_block_slide": "2024-08-29 22:47:26 +0000"
    },
    "done": true
  },
  "minecraft:recipes/misc/green_dye": {
    "criteria": {
      "has_cactus": "2024-08-30 01:27:00 +0000"
    },
    "done": true
  },
  "minecraft:recipes/misc/iron_nugget_from_smelting": {
    "criteria": {
      "has_iron_axe": "2024-08-30 01:27:11 +0000"
    },
    "done": true
  },
  "minecraft:recipes/misc/iron_nugget_from_blasting": {
    "criteria": {
      "has_iron_axe": "2024-08-30 01:27:11 +0000"
    },
    "done": true
  },
  "extendedslabs:recipes/building_blocks/oak_wood_corner_from_oak_wood_stairs": {
    "criteria": {
      "has_item": "2024-08-30 01:29:44 +0000"
    },
    "done": true
  },
  "extendedslabs:recipes/building_blocks/white_concrete_powder_corner_from_white_concrete_powder_stairs": {
    "criteria": {
      "has_item": "2024-08-30 01:35:54 +0000"
    },
    "done": true
  },
  "extendedslabs:recipes/building_blocks/white_concrete_corner_from_white_concrete_stairs": {
    "criteria": {
      "has_item": "2024-08-30 01:36:07 +0000"
    },
    "done": true
  },
  "minecraft:recipes/building_blocks/lime_terracotta": {
    "criteria": {
      "has_terracotta": "2024-08-31 03:05:28 +0000"
    },
    "done": true
  },
  "minecraft:recipes/building_blocks/light_gray_terracotta": {
    "criteria": {
      "has_terracotta": "2024-08-31 03:05:28 +0000"
    },
    "done": true
  },
  "minecraft:recipes/building_blocks/red_terracotta": {
    "criteria": {
      "has_terracotta": "2024-08-31 03:05:28 +0000"
    },
    "done": true
  },
  "minecraft:recipes/building_blocks/black_terracotta": {
    "criteria": {
      "has_terracotta": "2024-08-31 03:05:28 +0000"
    },
    "done": true
  },
  "extendedslabs:recipes/building_blocks/vertical_terracotta_slab": {
    "criteria": {
      "has_item": "2024-08-31 03:05:28 +0000"
    },
    "done": true
  },
  "minecraft:recipes/building_blocks/pink_terracotta": {
    "criteria": {
      "has_terracotta": "2024-08-31 03:05:28 +0000"
    },
    "done": true
  },
  "minecraft:recipes/building_blocks/blue_terracotta": {
    "criteria": {
      "has_terracotta": "2024-08-31 03:05:28 +0000"
    },
    "done": true
  },
  "minecraft:recipes/building_blocks/light_blue_terracotta": {
    "criteria": {
      "has_terracotta": "2024-08-31 03:05:28 +0000"
    },
    "done": true
  },
  "minecraft:recipes/building_blocks/yellow_terracotta": {
    "criteria": {
      "has_terracotta": "2024-08-31 03:05:28 +0000"
    },
    "done": true
  },
  "minecraft:recipes/building_blocks/purple_terracotta": {
    "criteria": {
      "has_terracotta": "2024-08-31 03:05:28 +0000"
    },
    "done": true
  },
  "minecraft:recipes/building_blocks/white_terracotta": {
    "criteria": {
      "has_terracotta": "2024-08-31 03:05:28 +0000"
    },
    "done": true
  },
  "minecraft:recipes/building_blocks/orange_terracotta": {
    "criteria": {
      "has_terracotta": "2024-08-31 03:05:28 +0000"
    },
    "done": true
  },
  "minecraft:recipes/building_blocks/magenta_terracotta": {
    "criteria": {
      "has_terracotta": "2024-08-31 03:05:28 +0000"
    },
    "done": true
  },
  "minecraft:recipes/building_blocks/cyan_terracotta": {
    "criteria": {
      "has_terracotta": "2024-08-31 03:05:28 +0000"
    },
    "done": true
  },
  "minecraft:recipes/building_blocks/gray_terracotta": {
    "criteria": {
      "has_terracotta": "2024-08-31 03:05:28 +0000"
    },
    "done": true
  },
  "minecraft:recipes/building_blocks/green_terracotta": {
    "criteria": {
      "has_terracotta": "2024-08-31 03:05:28 +0000"
    },
    "done": true
  },
  "minecraft:recipes/building_blocks/brown_terracotta": {
    "criteria": {
      "has_terracotta": "2024-08-31 03:05:28 +0000"
    },
    "done": true
  },
  "extendedslabs:recipes/building_blocks/terracotta_slab": {
    "criteria": {
      "has_item": "2024-08-31 03:05:28 +0000"
    },
    "done": true
  },
  "extendedslabs:recipes/building_blocks/terracotta_stairs": {
    "criteria": {
      "has_item": "2024-08-31 03:05:28 +0000"
    },
    "done": true
  },
  "extendedslabs:recipes/building_blocks/vertical_sand_slab": {
    "criteria": {
      "has_item": "2024-08-31 03:09:45 +0000"
    },
    "done": true
  },
  "minecraft:recipes/building_blocks/light_gray_concrete_powder": {
    "criteria": {
      "has_sand": "2024-08-31 03:09:45 +0000"
    },
    "done": true
  },
  "minecraft:recipes/building_blocks/pink_concrete_powder": {
    "criteria": {
      "has_sand": "2024-08-31 03:09:45 +0000"
    },
    "done": true
  },
  "extendedslabs:recipes/building_blocks/sand_stairs": {
    "criteria": {
      "has_item": "2024-08-31 03:09:45 +0000"
    },
    "done": true
  },
  "minecraft:recipes/building_blocks/red_concrete_powder": {
    "criteria": {
      "has_sand": "2024-08-31 03:09:45 +0000"
    },
    "done": true
  },
  "minecraft:recipes/building_blocks/brown_concrete_powder": {
    "criteria": {
      "has_sand": "2024-08-31 03:09:45 +0000"
    },
    "done": true
  },
  "minecraft:recipes/building_blocks/light_blue_concrete_powder": {
    "criteria": {
      "has_sand": "2024-08-31 03:09:45 +0000"
    },
    "done": true
  },
  "minecraft:recipes/building_blocks/glass": {
    "criteria": {
      "has_smelts_to_glass": "2024-08-31 03:09:45 +0000"
    },
    "done": true
  },
  "minecraft:recipes/building_blocks/green_concrete_powder": {
    "criteria": {
      "has_sand": "2024-08-31 03:09:45 +0000"
    },
    "done": true
  },
  "minecraft:recipes/building_blocks/blue_concrete_powder": {
    "criteria": {
      "has_sand": "2024-08-31 03:09:45 +0000"
    },
    "done": true
  },
  "minecraft:recipes/building_blocks/white_concrete_powder": {
    "criteria": {
      "has_sand": "2024-08-31 03:09:45 +0000"
    },
    "done": true
  },
  "minecraft:recipes/building_blocks/lime_concrete_powder": {
    "criteria": {
      "has_sand": "2024-08-31 03:09:45 +0000"
    },
    "done": true
  },
  "minecraft:recipes/building_blocks/orange_concrete_powder": {
    "criteria": {
      "has_sand": "2024-08-31 03:09:45 +0000"
    },
    "done": true
  },
  "minecraft:recipes/building_blocks/magenta_concrete_powder": {
    "criteria": {
      "has_sand": "2024-08-31 03:09:45 +0000"
    },
    "done": true
  },
  "minecraft:recipes/building_blocks/yellow_concrete_powder": {
    "criteria": {
      "has_sand": "2024-08-31 03:09:45 +0000"
    },
    "done": true
  },
  "minecraft:recipes/building_blocks/sandstone": {
    "criteria": {
      "has_sand": "2024-08-31 03:09:45 +0000"
    },
    "done": true
  },
  "minecraft:recipes/building_blocks/gray_concrete_powder": {
    "criteria": {
      "has_sand": "2024-08-31 03:09:45 +0000"
    },
    "done": true
  },
  "minecraft:recipes/building_blocks/black_concrete_powder": {
    "criteria": {
      "has_sand": "2024-08-31 03:09:45 +0000"
    },
    "done": true
  },
  "extendedslabs:recipes/building_blocks/sand_slab": {
    "criteria": {
      "has_item": "2024-08-31 03:09:45 +0000"
    },
    "done": true
  },
  "minecraft:recipes/building_blocks/purple_concrete_powder": {
    "criteria": {
      "has_sand": "2024-08-31 03:09:45 +0000"
    },
    "done": true
  },
  "minecraft:recipes/building_blocks/cyan_concrete_powder": {
    "criteria": {
      "has_sand": "2024-08-31 03:09:45 +0000"
    },
    "done": true
  },
  "minecraft:recipes/building_blocks/dripstone_block": {
    "criteria": {
      "has_pointed_dripstone": "2024-08-31 03:37:48 +0000"
    },
    "done": true
  },
  "extendedslabs:recipes/building_blocks/lime_wool_corner_from_lime_wool_stairs": {
    "criteria": {
      "has_item": "2024-08-31 17:31:59 +0000"
    },
    "done": true
  },
  "extendedslabs:recipes/building_blocks/lime_wool_slab_from_vertical_lime_wool_slab": {
    "criteria": {
      "has_item": "2024-08-31 17:32:03 +0000"
    },
    "done": true
  },
  "extendedslabs:recipes/building_blocks/lime_concrete_corner_from_lime_concrete_stairs": {
    "criteria": {
      "has_item": "2024-08-31 17:32:12 +0000"
    },
    "done": true
  },
  "extendedslabs:recipes/building_blocks/vertical_lime_concrete_slab_from_lime_concrete_slab": {
    "criteria": {
      "has_item": "2024-08-31 17:32:14 +0000"
    },
    "done": true
  },
  "minecraft:recipes/decorations/prismarine_wall_from_prismarine_stonecutting": {
    "criteria": {
      "has_prismarine": "2024-08-31 17:32:44 +0000"
    },
    "done": true
  },
  "minecraft:recipes/decorations/prismarine_wall": {
    "criteria": {
      "has_prismarine": "2024-08-31 17:32:44 +0000"
    },
    "done": true
  },
  "minecraft:recipes/building_blocks/prismarine_slab_from_prismarine_stonecutting": {
    "criteria": {
      "has_prismarine": "2024-08-31 17:32:44 +0000"
    },
    "done": true
  },
  "minecraft:recipes/building_blocks/prismarine_stairs_from_prismarine_stonecutting": {
    "criteria": {
      "has_prismarine": "2024-08-31 17:32:44 +0000"
    },
    "done": true
  },
  "minecraft:recipes/building_blocks/prismarine_stairs": {
    "criteria": {
      "has_prismarine": "2024-08-31 17:32:44 +0000"
    },
    "done": true
  },
  "extendedslabs:recipes/building_blocks/vertical_prismarine_slab": {
    "criteria": {
      "has_item": "2024-08-31 17:32:44 +0000"
    },
    "done": true
  },
  "minecraft:recipes/building_blocks/prismarine_slab": {
    "criteria": {
      "has_prismarine": "2024-08-31 17:32:44 +0000"
    },
    "done": true
  },
  "extendedslabs:recipes/building_blocks/lime_concrete_stairs_from_lime_concrete_corner": {
    "criteria": {
      "has_item": "2024-08-31 17:33:08 +0000"
    },
    "done": true
  },
  "extendedslabs:recipes/building_blocks/lime_concrete_slab": {
    "criteria": {
      "has_item": "2024-08-31 17:34:29 +0000"
    },
    "done": true
  },
  "extendedslabs:recipes/building_blocks/vertical_lime_concrete_slab": {
    "criteria": {
      "has_item": "2024-08-31 17:34:29 +0000"
    },
    "done": true
  },
  "extendedslabs:recipes/building_blocks/lime_concrete_stairs": {
    "criteria": {
      "has_item": "2024-08-31 17:34:29 +0000"
    },
    "done": true
  },
  "extendedslabs:recipes/building_blocks/light_blue_concrete_stairs": {
    "criteria": {
      "has_item": "2024-08-31 17:38:19 +0000"
    },
    "done": true
  },
  "extendedslabs:recipes/building_blocks/light_blue_concrete_slab": {
    "criteria": {
      "has_item": "2024-08-31 17:38:19 +0000"
    },
    "done": true
  },
  "extendedslabs:recipes/building_blocks/vertical_light_blue_concrete_slab": {
    "criteria": {
      "has_item": "2024-08-31 17:38:19 +0000"
    },
    "done": true
  },
  "minecraft:recipes/redstone/redstone": {
    "criteria": {
      "has_redstone_block": "2024-08-31 17:42:32 +0000"
    },
    "done": true
  },
  "extendedslabs:recipes/building_blocks/green_concrete_slab": {
    "criteria": {
      "has_item": "2024-08-31 17:43:09 +0000"
    },
    "done": true
  },
  "extendedslabs:recipes/building_blocks/green_concrete_stairs": {
    "criteria": {
      "has_item": "2024-08-31 17:43:09 +0000"
    },
    "done": true
  },
  "extendedslabs:recipes/building_blocks/vertical_green_concrete_slab": {
    "criteria": {
      "has_item": "2024-08-31 17:43:09 +0000"
    },
    "done": true
  },
  "extendedslabs:recipes/building_blocks/white_wool_slab": {
    "criteria": {
      "has_item": "2024-08-31 17:44:43 +0000"
    },
    "done": true
  },
  "minecraft:recipes/decorations/white_carpet": {
    "criteria": {
      "has_white_wool": "2024-08-31 17:44:43 +0000"
    },
    "done": true
  },
  "extendedslabs:recipes/building_blocks/white_wool_stairs": {
    "criteria": {
      "has_item": "2024-08-31 17:44:43 +0000"
    },
    "done": true
  },
  "minecraft:recipes/decorations/white_banner": {
    "criteria": {
      "has_white_wool": "2024-08-31 17:44:43 +0000"
    },
    "done": true
  },
  "extendedslabs:recipes/building_blocks/vertical_white_wool_slab": {
    "criteria": {
      "has_item": "2024-08-31 17:44:43 +0000"
    },
    "done": true
  },
  "minecraft:recipes/decorations/white_bed": {
    "criteria": {
      "has_white_wool": "2024-08-31 17:44:43 +0000"
    },
    "done": true
  },
  "minecraft:recipes/decorations/yellow_glazed_terracotta": {
    "criteria": {
      "has_yellow_terracotta": "2024-08-31 17:46:10 +0000"
    },
    "done": true
  },
  "extendedslabs:recipes/building_blocks/yellow_terracotta_slab": {
    "criteria": {
      "has_item": "2024-08-31 17:46:10 +0000"
    },
    "done": true
  },
  "extendedslabs:recipes/building_blocks/yellow_terracotta_stairs": {
    "criteria": {
      "has_item": "2024-08-31 17:46:10 +0000"
    },
    "done": true
  },
  "extendedslabs:recipes/building_blocks/vertical_yellow_terracotta_slab": {
    "criteria": {
      "has_item": "2024-08-31 17:46:10 +0000"
    },
    "done": true
  },
  "extendedslabs:recipes/building_blocks/oak_wood_stairs": {
    "criteria": {
      "has_item": "2024-08-31 17:54:24 +0000"
    },
    "done": true
  },
  "extendedslabs:recipes/building_blocks/oak_wood_slab": {
    "criteria": {
      "has_item": "2024-08-31 17:54:24 +0000"
    },
    "done": true
  },
  "extendedslabs:recipes/building_blocks/vertical_oak_wood_slab": {
    "criteria": {
      "has_item": "2024-08-31 17:54:24 +0000"
    },
    "done": true
  },
  "minecraft:recipes/misc/charcoal": {
    "criteria": {
      "has_log": "2024-08-31 17:54:24 +0000"
    },
    "done": true
  },
  "minecraft:recipes/building_blocks/oak_planks": {
    "criteria": {
      "has_logs": "2024-08-31 17:54:24 +0000"
    },
    "done": true
  },
  "minecraft:recipes/decorations/oak_sign": {
    "criteria": {
      "has_planks": "2024-08-31 17:59:52 +0000"
    },
    "done": true
  },
  "minecraft:recipes/redstone/oak_trapdoor": {
    "criteria": {
      "has_planks": "2024-08-31 17:59:52 +0000"
    },
    "done": true
  },
  "extendedslabs:recipes/building_blocks/vertical_oak_slab": {
    "criteria": {
      "has_item": "2024-08-31 17:59:52 +0000"
    },
    "done": true
  },
  "minecraft:recipes/misc/stick": {
    "criteria": {
      "has_planks": "2024-08-31 17:59:52 +0000"
    },
    "done": true
  },
  "minecraft:recipes/building_blocks/oak_stairs": {
    "criteria": {
      "has_planks": "2024-08-31 17:59:52 +0000"
    },
    "done": true
  },
  "minecraft:recipes/decorations/oak_fence": {
    "criteria": {
      "has_planks": "2024-08-31 17:59:52 +0000"
    },
    "done": true
  },
  "minecraft:recipes/redstone/oak_button": {
    "criteria": {
      "has_planks": "2024-08-31 17:59:52 +0000"
    },
    "done": true
  },
  "framedblocks:recipes/building_blocks/framed_cube": {
    "criteria": {
      "hasPlanks": "2024-08-31 17:59:52 +0000"
    },
    "done": true
  },
  "minecraft:recipes/building_blocks/oak_slab": {
    "criteria": {
      "has_planks": "2024-08-31 17:59:52 +0000"
    },
    "done": true
  },
  "minecraft:recipes/redstone/oak_fence_gate": {
    "criteria": {
      "has_planks": "2024-08-31 17:59:52 +0000"
    },
    "done": true
  },
  "minecraft:recipes/redstone/oak_pressure_plate": {
    "criteria": {
      "has_planks": "2024-08-31 17:59:52 +0000"
    },
    "done": true
  },
  "minecraft:recipes/redstone/oak_door": {
    "criteria": {
      "has_planks": "2024-08-31 17:59:52 +0000"
    },
    "done": true
  },
  "minecraft:recipes/decorations/barrel": {
    "criteria": {
      "has_planks": "2024-08-31 17:59:52 +0000"
    },
    "done": true
  },
  "extendedslabs:recipes/building_blocks/red_terracotta_corner_from_red_terracotta_stairs": {
    "criteria": {
      "has_item": "2024-08-31 18:05:27 +0000"
    },
    "done": true
  },
  "minecraft:recipes/decorations/red_glazed_terracotta": {
    "criteria": {
      "has_red_terracotta": "2024-08-31 18:06:27 +0000"
    },
    "done": true
  },
  "extendedslabs:recipes/building_blocks/vertical_red_terracotta_slab": {
    "criteria": {
      "has_item": "2024-08-31 18:06:27 +0000"
    },
    "done": true
  },
  "extendedslabs:recipes/building_blocks/red_terracotta_stairs": {
    "criteria": {
      "has_item": "2024-08-31 18:06:27 +0000"
    },
    "done": true
  },
  "extendedslabs:recipes/building_blocks/red_terracotta_slab": {
    "criteria": {
      "has_item": "2024-08-31 18:06:27 +0000"
    },
    "done": true
  },
  "minecraft:recipes/decorations/torch": {
    "criteria": {
      "has_stone_pickaxe": "2024-08-31 19:16:27 +0000"
    },
    "done": true
  },
  "minecraft:story/upgrade_tools": {
    "criteria": {
      "stone_pickaxe": "2024-08-31 19:16:27 +0000"
    },
    "done": true
  },
  "extendedslabs:recipes/building_blocks/grass_block_slab": {
    "criteria": {
      "has_item": "2024-08-31 21:30:14 +0000"
    },
    "done": true
  },
  "extendedslabs:recipes/building_blocks/vertical_grass_block_slab": {
    "criteria": {
      "has_item": "2024-08-31 21:30:14 +0000"
    },
    "done": true
  },
  "minecraft:recipes/building_blocks/oak_wood": {
    "criteria": {
      "has_log": "2024-08-31 21:36:29 +0000"
    },
    "done": true
  },
  "minecraft:recipes/decorations/oak_hanging_sign": {
    "criteria": {
      "has_stripped_logs": "2024-08-31 21:36:32 +0000"
    },
    "done": true
  },
  "minecraft:recipes/building_blocks/stripped_oak_wood": {
    "criteria": {
      "has_log": "2024-08-31 21:36:32 +0000"
    },
    "done": true
  },
  "extendedslabs:recipes/building_blocks/oak_corner_from_oak_stairs": {
    "criteria": {
      "has_item": "2024-08-31 21:36:35 +0000"
    },
    "done": true
  },
  "minecraft:recipes/decorations/composter": {
    "criteria": {
      "has_wood_slab": "2024-08-31 21:36:36 +0000"
    },
    "done": true
  },
  "extendedslabs:recipes/building_blocks/vertical_oak_slab_from_oak_slab": {
    "criteria": {
      "has_item": "2024-08-31 21:36:36 +0000"
    },
    "done": true
  },
  "extendedslabs:recipes/building_blocks/dark_oak_corner_from_dark_oak_stairs": {
    "criteria": {
      "has_item": "2024-08-31 21:45:56 +0000"
    },
    "done": true
  },
  "extendedslabs:recipes/building_blocks/vertical_dark_oak_slab_from_dark_oak_slab": {
    "criteria": {
      "has_item": "2024-08-31 21:45:58 +0000"
    },
    "done": true
  },
  "minecraft:recipes/redstone/dark_oak_fence_gate": {
    "criteria": {
      "has_planks": "2024-08-31 21:50:51 +0000"
    },
    "done": true
  },
  "minecraft:recipes/redstone/dark_oak_trapdoor": {
    "criteria": {
      "has_planks": "2024-08-31 21:50:51 +0000"
    },
    "done": true
  },
  "minecraft:recipes/redstone/dark_oak_button": {
    "criteria": {
      "has_planks": "2024-08-31 21:50:51 +0000"
    },
    "done": true
  },
  "minecraft:recipes/building_blocks/dark_oak_stairs": {
    "criteria": {
      "has_planks": "2024-08-31 21:50:51 +0000"
    },
    "done": true
  },
  "minecraft:recipes/redstone/dark_oak_pressure_plate": {
    "criteria": {
      "has_planks": "2024-08-31 21:50:51 +0000"
    },
    "done": true
  },
  "minecraft:recipes/decorations/dark_oak_fence": {
    "criteria": {
      "has_planks": "2024-08-31 21:50:51 +0000"
    },
    "done": true
  },
  "minecraft:recipes/building_blocks/dark_oak_slab": {
    "criteria": {
      "has_planks": "2024-08-31 21:50:51 +0000"
    },
    "done": true
  },
  "minecraft:recipes/redstone/dark_oak_door": {
    "criteria": {
      "has_planks": "2024-08-31 21:50:51 +0000"
    },
    "done": true
  },
  "minecraft:recipes/decorations/dark_oak_sign": {
    "criteria": {
      "has_planks": "2024-08-31 21:50:51 +0000"
    },
    "done": true
  },
  "extendedslabs:recipes/building_blocks/vertical_dark_oak_slab": {
    "criteria": {
      "has_item": "2024-08-31 21:50:51 +0000"
    },
    "done": true
  },
  "minecraft:recipes/decorations/white_candle": {
    "criteria": {
      "has_white_dye": "2024-09-01 02:51:33 +0000"
    },
    "done": true
  },
  "minecraft:recipes/building_blocks/dye_white_bed": {
    "criteria": {
      "has_needed_dye": "2024-09-01 02:51:33 +0000"
    },
    "done": true
  },
  "minecraft:recipes/decorations/white_stained_glass_pane_from_glass_pane": {
    "criteria": {
      "has_white_dye": "2024-09-01 02:51:33 +0000"
    },
    "done": true
  },
  "minecraft:recipes/misc/lime_dye": {
    "criteria": {
      "has_white_dye": "2024-09-01 02:51:33 +0000"
    },
    "done": true
  },
  "minecraft:recipes/misc/light_blue_dye_from_blue_white_dye": {
    "criteria": {
      "has_white_dye": "2024-09-01 02:51:33 +0000"
    },
    "done": true
  },
  "minecraft:recipes/misc/light_gray_dye_from_gray_white_dye": {
    "criteria": {
      "has_white_dye": "2024-09-01 02:51:33 +0000"
    },
    "done": true
  },
  "minecraft:recipes/building_blocks/dye_white_carpet": {
    "criteria": {
      "has_needed_dye": "2024-09-01 02:51:33 +0000"
    },
    "done": true
  },
  "minecraft:recipes/building_blocks/dye_white_wool": {
    "criteria": {
      "has_needed_dye": "2024-09-01 02:51:33 +0000"
    },
    "done": true
  },
  "minecraft:recipes/misc/pink_dye_from_red_white_dye": {
    "criteria": {
      "has_white_dye": "2024-09-01 02:51:33 +0000"
    },
    "done": true
  },
  "minecraft:recipes/misc/gray_dye": {
    "criteria": {
      "has_white_dye": "2024-09-01 02:51:33 +0000"
    },
    "done": true
  },
  "minecraft:recipes/misc/light_gray_dye_from_black_white_dye": {
    "criteria": {
      "has_white_dye": "2024-09-01 02:51:33 +0000"
    },
    "done": true
  },
  "minecraft:recipes/misc/magenta_dye_from_blue_red_white_dye": {
    "criteria": {
      "has_white_dye": "2024-09-01 02:51:33 +0000"
    },
    "done": true
  },
  "minecraft:recipes/redstone/lever": {
    "criteria": {
      "has_cobblestone": "2024-09-01 22:51:47 +0000"
    },
    "done": true
  },
  "minecraft:nether/obtain_crying_obsidian": {
    "criteria": {
      "crying_obsidian": "2024-09-01 22:51:24 +0000"
    },
    "done": true
  },
  "extendedslabs:recipes/building_blocks/vertical_cobblestone_slab_from_cobblestone_slab": {
    "criteria": {
      "has_item": "2024-09-01 22:51:45 +0000"
    },
    "done": true
  },
  "minecraft:recipes/food/cake": {
    "criteria": {
      "has_egg": "2024-09-01 22:52:32 +0000"
    },
    "done": true
  },
  "minecraft:recipes/combat/iron_leggings": {
    "criteria": {
      "has_iron_ingot": "2024-09-01 22:52:38 +0000"
    },
    "done": true
  },
  "minecraft:recipes/decorations/gray_bed": {
    "criteria": {
      "has_gray_wool": "2024-09-01 22:51:38 +0000"
    },
    "done": true
  },
  "minecraft:recipes/building_blocks/waxed_weathered_cut_copper_slab_from_waxed_weathered_cut_copper_stonecutting": {
    "criteria": {
      "has_waxed_weathered_cut_copper": "2024-09-01 22:51:54 +0000"
    },
    "done": true
  },
  "minecraft:story/obtain_armor": {
    "criteria": {
      "iron_boots": "2024-09-01 22:52:20 +0000"
    },
    "done": true
  },
  "minecraft:recipes/combat/diamond_leggings": {
    "criteria": {
      "has_diamond": "2024-09-01 22:52:39 +0000"
    },
    "done": true
  },
  "minecraft:recipes/decorations/lime_stained_glass_pane_from_glass_pane": {
    "criteria": {
      "has_lime_dye": "2024-09-01 22:52:48 +0000"
    },
    "done": true
  },
  "minecraft:recipes/building_blocks/waxed_weathered_cut_copper_stairs_from_waxed_weathered_copper_stonecutting": {
    "criteria": {
      "has_waxed_weathered_copper": "2024-09-01 22:51:53 +0000"
    },
    "done": true
  },
  "minecraft:recipes/food/cooked_chicken_from_campfire_cooking": {
    "criteria": {
      "has_chicken": "2024-09-01 22:52:36 +0000"
    },
    "done": true
  },
  "extendedslabs:recipes/building_blocks/polished_andesite_vertical_slab_from_andesite_stonecutting": {
    "criteria": {
      "has_andesite": "2024-09-01 22:51:48 +0000"
    },
    "done": true
  },
  "minecraft:recipes/misc/blue_dye": {
    "criteria": {
      "has_lapis_lazuli": "2024-09-01 22:52:39 +0000"
    },
    "done": true
  },
  "minecraft:recipes/misc/cyan_dye": {
    "criteria": {
      "has_green_dye": "2024-09-01 22:52:47 +0000"
    },
    "done": true
  },
  "minecraft:recipes/decorations/purple_bed": {
    "criteria": {
      "has_purple_wool": "2024-09-01 22:51:37 +0000"
    },
    "done": true
  },
  "minecraft:recipes/building_blocks/dye_lime_wool": {
    "criteria": {
      "has_needed_dye": "2024-09-01 22:52:48 +0000"
    },
    "done": true
  },
  "extendedslabs:recipes/building_blocks/mossy_stone_brick_vertical_slab_from_stone_bricks_stonecutting": {
    "criteria": {
      "has_mossy_stone_bricks": "2024-09-01 22:51:44 +0000"
    },
    "done": true
  },
  "minecraft:recipes/building_blocks/quartz_slab": {
    "criteria": {
      "has_quartz_pillar": "2024-09-01 22:51:49 +0000"
    },
    "done": true
  },
  "minecraft:recipes/combat/netherite_chestplate_smithing": {
    "criteria": {
      "has_netherite_ingot": "2024-09-01 22:52:41 +0000"
    },
    "done": true
  },
  "minecraft:recipes/tools/golden_axe": {
    "criteria": {
      "has_gold_ingot": "2024-09-01 22:52:39 +0000"
    },
    "done": true
  },
  "extendedslabs:recipes/building_blocks/gray_wool_slab": {
    "criteria": {
      "has_item": "2024-09-01 22:51:38 +0000"
    },
    "done": true
  },
  "minecraft:story/iron_tools": {
    "criteria": {
      "iron_pickaxe": "2024-09-01 22:52:01 +0000"
    },
    "done": true
  },
  "minecraft:recipes/combat/iron_chestplate": {
    "criteria": {
      "has_iron_ingot": "2024-09-01 22:52:37 +0000"
    },
    "done": true
  },
  "extendedslabs:recipes/building_blocks/vertical_gray_wool_slab_from_gray_wool_slab": {
    "criteria": {
      "has_item": "2024-09-01 22:51:38 +0000"
    },
    "done": true
  },
  "minecraft:recipes/tools/golden_pickaxe": {
    "criteria": {
      "has_gold_ingot": "2024-09-01 22:52:39 +0000"
    },
    "done": true
  },
  "minecraft:recipes/misc/book": {
    "criteria": {
      "has_paper": "2024-09-01 22:52:48 +0000"
    },
    "done": true
  },
  "extendedslabs:recipes/building_blocks/waxed_weathered_cut_copper_corner_from_waxed_weathered_cut_copper_stairs": {
    "criteria": {
      "has_item": "2024-09-01 22:51:54 +0000"
    },
    "done": true
  },
  "extendedslabs:recipes/building_blocks/jungle_wood_stairs": {
    "criteria": {
      "has_item": "2024-09-01 22:51:40 +0000"
    },
    "done": true
  },
  "minecraft:recipes/combat/stone_sword": {
    "criteria": {
      "has_cobblestone": "2024-09-01 22:51:47 +0000"
    },
    "done": true
  },
  "minecraft:recipes/decorations/cobblestone_wall": {
    "criteria": {
      "has_cobblestone": "2024-09-01 22:51:47 +0000"
    },
    "done": true
  },
  "minecraft:recipes/building_blocks/quartz_bricks": {
    "criteria": {
      "has_quartz_block": "2024-09-01 22:51:50 +0000"
    },
    "done": true
  },
  "minecraft:recipes/building_blocks/lapis_block": {
    "criteria": {
      "has_lapis_lazuli": "2024-09-01 22:52:39 +0000"
    },
    "done": true
  },
  "minecraft:recipes/combat/netherite_sword_smithing": {
    "criteria": {
      "has_netherite_ingot": "2024-09-01 22:52:41 +0000"
    },
    "done": true
  },
  "minecraft:recipes/misc/diamond": {
    "criteria": {
      "has_diamond_block": "2024-09-01 22:51:50 +0000"
    },
    "done": true
  },
  "minecraft:recipes/food/cooked_chicken": {
    "criteria": {
      "has_chicken": "2024-09-01 22:52:36 +0000"
    },
    "done": true
  },
  "minecraft:recipes/tools/stone_axe": {
    "criteria": {
      "has_cobblestone": "2024-09-01 22:51:47 +0000"
    },
    "done": true
  },
  "minecraft:recipes/building_blocks/raw_iron_block": {
    "criteria": {
      "has_raw_iron": "2024-09-01 22:52:37 +0000"
    },
    "done": true
  },
  "extendedslabs:recipes/building_blocks/red_wool_corner_from_red_wool_stairs": {
    "criteria": {
      "has_item": "2024-09-01 22:51:37 +0000"
    },
    "done": true
  },
  "minecraft:recipes/misc/iron_nugget": {
    "criteria": {
      "has_iron_ingot": "2024-09-01 22:52:38 +0000"
    },
    "done": true
  },
  "minecraft:recipes/misc/netherite_scrap_from_blasting": {
    "criteria": {
      "has_ancient_debris": "2024-09-01 22:52:41 +0000"
    },
    "done": true
  },
  "minecraft:recipes/combat/diamond_sword": {
    "criteria": {
      "has_diamond": "2024-09-01 22:52:39 +0000"
    },
    "done": true
  },
  "minecraft:recipes/misc/white_dye": {
    "criteria": {
      "has_bone_meal": "2024-09-01 22:52:37 +0000"
    },
    "done": true
  },
  "minecraft:recipes/decorations/jukebox": {
    "criteria": {
      "has_diamond": "2024-09-01 22:52:39 +0000"
    },
    "done": true
  },
  "minecraft:recipes/misc/gold_nugget": {
    "criteria": {
      "has_gold_ingot": "2024-09-01 22:52:39 +0000"
    },
    "done": true
  },
  "extendedslabs:recipes/building_blocks/vertical_quartz_slab": {
    "criteria": {
      "has_item": "2024-09-01 22:51:50 +0000"
    },
    "done": true
  },
  "minecraft:recipes/misc/bucket": {
    "criteria": {
      "has_iron_ingot": "2024-09-01 22:52:38 +0000"
    },
    "done": true
  },
  "extendedslabs:recipes/building_blocks/oak_wood_stairs_from_oak_wood_corner": {
    "criteria": {
      "has_item": "2024-09-01 22:51:40 +0000"
    },
    "done": true
  },
  "minecraft:recipes/combat/iron_helmet": {
    "criteria": {
      "has_iron_ingot": "2024-09-01 22:52:38 +0000"
    },
    "done": true
  },
  "minecraft:recipes/tools/golden_shovel": {
    "criteria": {
      "has_gold_ingot": "2024-09-01 22:52:39 +0000"
    },
    "done": true
  },
  "minecraft:recipes/combat/bow": {
    "criteria": {
      "has_string": "2024-09-01 22:52:38 +0000"
    },
    "done": true
  },
  "minecraft:recipes/combat/diamond_chestplate": {
    "criteria": {
      "has_diamond": "2024-09-01 22:52:39 +0000"
    },
    "done": true
  },
  "minecraft:story/mine_stone": {
    "criteria": {
      "get_stone": "2024-09-01 22:51:47 +0000"
    },
    "done": true
  },
  "minecraft:recipes/decorations/furnace": {
    "criteria": {
      "has_cobblestone": "2024-09-01 22:51:47 +0000"
    },
    "done": true
  },
  "minecraft:recipes/transportation/minecart": {
    "criteria": {
      "has_iron_ingot": "2024-09-01 22:52:38 +0000"
    },
    "done": true
  },
  "minecraft:recipes/food/beetroot_soup": {
    "criteria": {
      "has_beetroot": "2024-09-01 22:52:35 +0000"
    },
    "done": true
  },
  "minecraft:recipes/building_blocks/andesite_stairs": {
    "criteria": {
      "has_andesite": "2024-09-01 22:51:48 +0000"
    },
    "done": true
  },
  "minecraft:recipes/tools/iron_hoe": {
    "criteria": {
      "has_iron_ingot": "2024-09-01 22:52:38 +0000"
    },
    "done": true
  },
  "minecraft:recipes/food/golden_apple": {
    "criteria": {
      "has_gold_ingot": "2024-09-01 22:52:39 +0000"
    },
    "done": true
  },
  "minecraft:recipes/misc/gold_ingot_from_blasting_raw_gold": {
    "criteria": {
      "has_raw_gold": "2024-09-01 22:52:38 +0000"
    },
    "done": true
  },
  "extendedslabs:recipes/building_blocks/vertical_diorite_slab_from_diorite_slab": {
    "criteria": {
      "has_item": "2024-09-01 22:51:48 +0000"
    },
    "done": true
  },
  "minecraft:recipes/decorations/end_crystal": {
    "criteria": {
      "has_ender_eye": "2024-09-01 22:51:35 +0000"
    },
    "done": true
  },
  "extendedslabs:recipes/building_blocks/purple_wool_stairs": {
    "criteria": {
      "has_item": "2024-09-01 22:51:37 +0000"
    },
    "done": true
  },
  "minecraft:recipes/combat/golden_boots": {
    "criteria": {
      "has_gold_ingot": "2024-09-01 22:52:39 +0000"
    },
    "done": true
  },
  "minecraft:recipes/combat/netherite_leggings_smithing": {
    "criteria": {
      "has_netherite_ingot": "2024-09-01 22:52:41 +0000"
    },
    "done": true
  },
  "minecraft:recipes/building_blocks/waxed_cut_copper": {
    "criteria": {
      "has_waxed_copper_block": "2024-09-01 22:51:51 +0000"
    },
    "done": true
  },
  "extendedslabs:recipes/building_blocks/vertical_jungle_wood_slab": {
    "criteria": {
      "has_item": "2024-09-01 22:51:40 +0000"
    },
    "done": true
  },
  "minecraft:recipes/combat/arrow": {
    "criteria": {
      "has_feather": "2024-09-01 22:52:38 +0000"
    },
    "done": true
  },
  "minecraft:recipes/building_blocks/granite_slab_from_granite_stonecutting": {
    "criteria": {
      "has_granite": "2024-09-01 22:51:44 +0000"
    },
    "done": true
  },
  "minecraft:recipes/combat/golden_helmet": {
    "criteria": {
      "has_gold_ingot": "2024-09-01 22:52:39 +0000"
    },
    "done": true
  },
  "minecraft:recipes/building_blocks/waxed_exposed_cut_copper_from_waxed_exposed_copper_stonecutting": {
    "criteria": {
      "has_waxed_exposed_copper": "2024-09-01 22:51:52 +0000"
    },
    "done": true
  },
  "extendedslabs:recipes/building_blocks/cherry_wood_stairs_from_cherry_wood_corner": {
    "criteria": {
      "has_item": "2024-09-01 22:51:41 +0000"
    },
    "done": true
  },
  "minecraft:recipes/transportation/spruce_chest_boat": {
    "criteria": {
      "has_boat": "2024-09-01 22:52:11 +0000"
    },
    "done": true
  },
  "extendedslabs:recipes/building_blocks/oxidized_cut_copper_vertical_slab_from_oxidized_cut_copper_stonecutting": {
    "criteria": {
      "has_oxidized_cut_copper": "2024-09-01 22:51:51 +0000"
    },
    "done": true
  },
  "minecraft:recipes/decorations/yellow_candle": {
    "criteria": {
      "has_yellow_dye": "2024-09-01 22:52:47 +0000"
    },
    "done": true
  },
  "extendedslabs:recipes/building_blocks/oxidized_cut_copper_corner_from_oxidized_cut_copper_stairs": {
    "criteria": {
      "has_item": "2024-09-01 22:51:58 +0000"
    },
    "done": true
  },
  "minecraft:nether/obtain_blaze_rod": {
    "criteria": {
      "blaze_rod": "2024-09-01 22:52:44 +0000"
    },
    "done": true
  },
  "extendedslabs:recipes/building_blocks/crimson_hyphae_stairs_from_crimson_hyphae_corner": {
    "criteria": {
      "has_item": "2024-09-01 22:51:41 +0000"
    },
    "done": true
  },
  "extendedslabs:recipes/building_blocks/purple_wool_slab": {
    "criteria": {
      "has_item": "2024-09-01 22:51:37 +0000"
    },
    "done": true
  },
  "minecraft:recipes/decorations/andesite_wall_from_andesite_stonecutting": {
    "criteria": {
      "has_andesite": "2024-09-01 22:51:48 +0000"
    },
    "done": true
  },
  "minecraft:recipes/building_blocks/waxed_weathered_cut_copper_slab": {
    "criteria": {
      "has_waxed_weathered_cut_copper": "2024-09-01 22:51:54 +0000"
    },
    "done": true
  },
  "extendedslabs:recipes/building_blocks/vertical_cut_red_sandstone_slab_from_cut_red_sandstone_slab": {
    "criteria": {
      "has_item": "2024-09-01 22:51:49 +0000"
    },
    "done": true
  },
  "minecraft:story/smelt_iron": {
    "criteria": {
      "iron": "2024-09-01 22:52:38 +0000"
    },
    "done": true
  },
  "extendedslabs:recipes/building_blocks/vertical_waxed_exposed_cut_copper_slab": {
    "criteria": {
      "has_item": "2024-09-01 22:51:52 +0000"
    },
    "done": true
  },
  "minecraft:recipes/tools/fishing_rod": {
    "criteria": {
      "has_string": "2024-09-01 22:52:38 +0000"
    },
    "done": true
  },
  "extendedslabs:recipes/building_blocks/vertical_purpur_slab_from_purpur_slab": {
    "criteria": {
      "has_item": "2024-09-01 22:51:51 +0000"
    },
    "done": true
  },
  "extendedslabs:recipes/building_blocks/vertical_mossy_cobblestone_slab": {
    "criteria": {
      "has_item": "2024-09-01 22:51:46 +0000"
    },
    "done": true
  },
  "minecraft:recipes/misc/map": {
    "criteria": {
      "has_compass": "2024-09-01 22:52:11 +0000"
    },
    "done": true
  },
  "extendedslabs:recipes/building_blocks/bamboo_mosaic_corner_from_bamboo_mosaic_stairs": {
    "criteria": {
      "has_item": "2024-09-01 22:51:41 +0000"
    },
    "done": true
  },
  "minecraft:story/shiny_gear": {
    "criteria": {
      "diamond_boots": "2024-09-01 22:52:22 +0000"
    },
    "done": true
  },
  "minecraft:recipes/tools/shears": {
    "criteria": {
      "has_iron_ingot": "2024-09-01 22:52:38 +0000"
    },
    "done": true
  },
  "minecraft:recipes/tools/netherite_hoe_smithing": {
    "criteria": {
      "has_netherite_ingot": "2024-09-01 22:52:41 +0000"
    },
    "done": true
  },
  "minecraft:recipes/decorations/lime_candle": {
    "criteria": {
      "has_lime_dye": "2024-09-01 22:52:48 +0000"
    },
    "done": true
  },
  "minecraft:recipes/building_blocks/mossy_cobblestone_stairs_from_mossy_cobblestone_stonecutting": {
    "criteria": {
      "has_mossy_cobblestone": "2024-09-01 22:51:46 +0000"
    },
    "done": true
  },
  "minecraft:recipes/transportation/jungle_chest_boat": {
    "criteria": {
      "has_boat": "2024-09-01 22:52:11 +0000"
    },
    "done": true
  },
  "minecraft:recipes/building_blocks/stripped_birch_wood": {
    "criteria": {
      "has_log": "2024-09-01 22:51:39 +0000"
    },
    "done": true
  },
  "minecraft:recipes/tools/spyglass": {
    "criteria": {
      "has_amethyst_shard": "2024-09-01 22:52:43 +0000"
    },
    "done": true
  },
  "extendedslabs:recipes/building_blocks/gray_wool_stairs": {
    "criteria": {
      "has_item": "2024-09-01 22:51:38 +0000"
    },
    "done": true
  },
  "minecraft:recipes/transportation/acacia_chest_boat": {
    "criteria": {
      "has_boat": "2024-09-01 22:52:11 +0000"
    },
    "done": true
  },
  "minecraft:recipes/decorations/mossy_stone_brick_wall": {
    "criteria": {
      "has_mossy_stone_bricks": "2024-09-01 22:51:44 +0000"
    },
    "done": true
  },
  "extendedslabs:recipes/building_blocks/tinted_glass_slab": {
    "criteria": {
      "has_item": "2024-09-01 22:51:32 +0000"
    },
    "done": true
  },
  "extendedslabs:recipes/building_blocks/vertical_lime_wool_slab_from_lime_wool_slab": {
    "criteria": {
      "has_item": "2024-09-01 22:51:37 +0000"
    },
    "done": true
  },
  "minecraft:recipes/building_blocks/cobblestone_slab_from_cobblestone_stonecutting": {
    "criteria": {
      "has_cobblestone": "2024-09-01 22:51:47 +0000"
    },
    "done": true
  },
  "framedblocks:recipes/building_blocks/framed_double_stairs": {
    "criteria": {
      "hasFramedStairs": "2024-09-01 22:15:02 +0000"
    },
    "done": true
  },
  "minecraft:recipes/combat/turtle_helmet": {
    "criteria": {
      "has_scute": "2024-09-01 22:52:38 +0000"
    },
    "done": true
  },
  "minecraft:recipes/building_blocks/polished_andesite_slab_from_andesite_stonecutting": {
    "criteria": {
      "has_andesite": "2024-09-01 22:51:48 +0000"
    },
    "done": true
  },
  "minecraft:recipes/tools/diamond_pickaxe": {
    "criteria": {
      "has_diamond": "2024-09-01 22:52:39 +0000"
    },
    "done": true
  },
  "minecraft:recipes/redstone/lightning_rod": {
    "criteria": {
      "has_copper_ingot": "2024-09-01 22:52:38 +0000"
    },
    "done": true
  },
  "minecraft:recipes/misc/music_disc_5": {
    "criteria": {
      "has_disc_fragment_5": "2024-09-01 22:52:48 +0000"
    },
    "done": true
  },
  "minecraft:recipes/misc/netherite_scrap": {
    "criteria": {
      "has_ancient_debris": "2024-09-01 22:52:41 +0000"
    },
    "done": true
  },
  "minecraft:recipes/building_blocks/quartz_pillar_from_quartz_block_stonecutting": {
    "criteria": {
      "has_quartz_block": "2024-09-01 22:51:50 +0000"
    },
    "done": true
  },
  "minecraft:recipes/decorations/granite_wall_from_granite_stonecutting": {
    "criteria": {
      "has_granite": "2024-09-01 22:51:44 +0000"
    },
    "done": true
  },
  "minecraft:recipes/decorations/chain": {
    "criteria": {
      "has_iron_nugget": "2024-09-01 22:52:37 +0000"
    },
    "done": true
  },
  "extendedslabs:recipes/building_blocks/vertical_deepslate_brick_slab_from_deepslate_brick_slab": {
    "criteria": {
      "has_item": "2024-09-01 22:51:42 +0000"
    },
    "done": true
  },
  "minecraft:recipes/building_blocks/waxed_exposed_cut_copper_stairs": {
    "criteria": {
      "has_waxed_exposed_cut_copper": "2024-09-01 22:51:52 +0000"
    },
    "done": true
  },
  "minecraft:recipes/building_blocks/cherry_planks": {
    "criteria": {
      "has_log": "2024-09-01 22:51:40 +0000"
    },
    "done": true
  },
  "minecraft:recipes/combat/golden_chestplate": {
    "criteria": {
      "has_gold_ingot": "2024-09-01 22:52:39 +0000"
    },
    "done": true
  },
  "minecraft:recipes/building_blocks/dye_yellow_wool": {
    "criteria": {
      "has_needed_dye": "2024-09-01 22:52:47 +0000"
    },
    "done": true
  },
  "minecraft:recipes/building_blocks/iron_block": {
    "criteria": {
      "has_iron_ingot": "2024-09-01 22:52:38 +0000"
    },
    "done": true
  },
  "minecraft:recipes/building_blocks/oxidized_cut_copper_stairs": {
    "criteria": {
      "has_oxidized_cut_copper": "2024-09-01 22:51:51 +0000"
    },
    "done": true
  },
  "extendedslabs:recipes/building_blocks/vertical_oxidized_cut_copper_slab": {
    "criteria": {
      "has_item": "2024-09-01 22:51:51 +0000"
    },
    "done": true
  },
  "minecraft:recipes/decorations/birch_hanging_sign": {
    "criteria": {
      "has_stripped_logs": "2024-09-01 22:51:39 +0000"
    },
    "done": true
  },
  "minecraft:recipes/transportation/mangrove_chest_boat": {
    "criteria": {
      "has_boat": "2024-09-01 22:52:11 +0000"
    },
    "done": true
  },
  "minecraft:recipes/decorations/gray_carpet": {
    "criteria": {
      "has_gray_wool": "2024-09-01 22:51:38 +0000"
    },
    "done": true
  },
  "minecraft:recipes/redstone/tripwire_hook": {
    "criteria": {
      "has_string": "2024-09-01 22:52:38 +0000"
    },
    "done": true
  },
  "minecraft:recipes/misc/bone_meal": {
    "criteria": {
      "has_bone": "2024-09-01 22:52:38 +0000"
    },
    "done": true
  },
  "minecraft:recipes/building_blocks/stone": {
    "criteria": {
      "has_cobblestone": "2024-09-01 22:51:47 +0000"
    },
    "done": true
  },
  "minecraft:recipes/building_blocks/mossy_stone_brick_slab": {
    "criteria": {
      "has_mossy_stone_bricks": "2024-09-01 22:51:44 +0000"
    },
    "done": true
  },
  "minecraft:recipes/decorations/purple_carpet": {
    "criteria": {
      "has_purple_wool": "2024-09-01 22:51:37 +0000"
    },
    "done": true
  },
  "minecraft:recipes/decorations/smithing_table": {
    "criteria": {
      "has_iron_ingot": "2024-09-01 22:52:38 +0000"
    },
    "done": true
  },
  "minecraft:recipes/misc/netherite_ingot": {
    "criteria": {
      "has_netherite_scrap": "2024-09-01 22:52:41 +0000"
    },
    "done": true
  },
  "minecraft:recipes/building_blocks/dye_lime_bed": {
    "criteria": {
      "has_needed_dye": "2024-09-01 22:52:48 +0000"
    },
    "done": true
  },
  "minecraft:recipes/decorations/light_blue_stained_glass_pane_from_glass_pane": {
    "criteria": {
      "has_light_blue_dye": "2024-09-01 22:52:47 +0000"
    },
    "done": true
  },
  "minecraft:recipes/building_blocks/oxidized_cut_copper_stairs_from_oxidized_cut_copper_stonecutting": {
    "criteria": {
      "has_oxidized_cut_copper": "2024-09-01 22:51:51 +0000"
    },
    "done": true
  },
  "minecraft:recipes/building_blocks/waxed_exposed_cut_copper_stairs_from_waxed_exposed_copper_stonecutting": {
    "criteria": {
      "has_waxed_exposed_copper": "2024-09-01 22:51:52 +0000"
    },
    "done": true
  },
  "minecraft:recipes/building_blocks/dye_green_bed": {
    "criteria": {
      "has_needed_dye": "2024-09-01 22:52:47 +0000"
    },
    "done": true
  },
  "minecraft:recipes/building_blocks/quartz_pillar": {
    "criteria": {
      "has_quartz_pillar": "2024-09-01 22:51:49 +0000"
    },
    "done": true
  },
  "minecraft:recipes/decorations/magenta_bed": {
    "criteria": {
      "has_magenta_wool": "2024-09-01 22:51:37 +0000"
    },
    "done": true
  },
  "minecraft:recipes/decorations/candle": {
    "criteria": {
      "has_string": "2024-09-01 22:52:38 +0000"
    },
    "done": true
  },
  "minecraft:nether/obtain_ancient_debris": {
    "criteria": {
      "ancient_debris": "2024-09-01 22:52:41 +0000"
    },
    "done": true
  },
  "minecraft:recipes/building_blocks/diorite": {
    "criteria": {
      "has_quartz": "2024-09-01 22:52:44 +0000"
    },
    "done": true
  },
  "minecraft:recipes/building_blocks/quartz_stairs_from_quartz_block_stonecutting": {
    "criteria": {
      "has_quartz_block": "2024-09-01 22:51:50 +0000"
    },
    "done": true
  },
  "minecraft:recipes/building_blocks/polished_granite_from_granite_stonecutting": {
    "criteria": {
      "has_granite": "2024-09-01 22:51:44 +0000"
    },
    "done": true
  },
  "extendedslabs:recipes/building_blocks/vertical_cobblestone_slab": {
    "criteria": {
      "has_item": "2024-09-01 22:51:47 +0000"
    },
    "done": true
  },
  "extendedslabs:recipes/building_blocks/vertical_tinted_glass_slab": {
    "criteria": {
      "has_item": "2024-09-01 22:51:32 +0000"
    },
    "done": true
  },
  "extendedslabs:recipes/building_blocks/birch_wood_stairs": {
    "criteria": {
      "has_item": "2024-09-01 22:51:40 +0000"
    },
    "done": true
  },
  "minecraft:recipes/building_blocks/waxed_oxidized_cut_copper_slab_from_honeycomb": {
    "criteria": {
      "has_oxidized_cut_copper_slab": "2024-09-01 22:51:51 +0000"
    },
    "done": true
  },
  "minecraft:recipes/building_blocks/dye_lime_carpet": {
    "criteria": {
      "has_needed_dye": "2024-09-01 22:52:48 +0000"
    },
    "done": true
  },
  "minecraft:recipes/decorations/green_stained_glass_pane_from_glass_pane": {
    "criteria": {
      "has_green_dye": "2024-09-01 22:52:47 +0000"
    },
    "done": true
  },
  "minecraft:recipes/building_blocks/waxed_weathered_cut_copper_stairs": {
    "criteria": {
      "has_waxed_weathered_cut_copper": "2024-09-01 22:51:54 +0000"
    },
    "done": true
  },
  "minecraft:recipes/building_blocks/granite": {
    "criteria": {
      "has_quartz": "2024-09-01 22:52:44 +0000"
    },
    "done": true
  },
  "minecraft:recipes/transportation/oak_chest_boat": {
    "criteria": {
      "has_boat": "2024-09-01 22:52:11 +0000"
    },
    "done": true
  },
  "minecraft:recipes/misc/beacon": {
    "criteria": {
      "has_nether_star": "2024-09-01 22:52:45 +0000"
    },
    "done": true
  },
  "extendedslabs:recipes/building_blocks/vertical_waxed_weathered_cut_copper_slab_from_waxed_weathered_cut_copper_slab": {
    "criteria": {
      "has_item": "2024-09-01 22:51:58 +0000"
    },
    "done": true
  },
  "extendedslabs:recipes/building_blocks/quartz_vertical_slab_from_quartz_block_stonecutting": {
    "criteria": {
      "has_quartz_block": "2024-09-01 22:51:50 +0000"
    },
    "done": true
  },
  "minecraft:recipes/misc/copper_ingot_from_waxed_copper_block": {
    "criteria": {
      "has_waxed_copper_block": "2024-09-01 22:51:51 +0000"
    },
    "done": true
  },
  "extendedslabs:recipes/building_blocks/waxed_cut_copper_corner_from_waxed_cut_copper_stairs": {
    "criteria": {
      "has_item": "2024-09-01 22:51:52 +0000"
    },
    "done": true
  },
  "minecraft:recipes/tools/diamond_hoe": {
    "criteria": {
      "has_diamond": "2024-09-01 22:52:39 +0000"
    },
    "done": true
  },
  "minecraft:recipes/transportation/activator_rail": {
    "criteria": {
      "has_rail": "2024-09-01 22:52:16 +0000"
    },
    "done": true
  },
  "minecraft:recipes/tools/diamond_shovel": {
    "criteria": {
      "has_diamond": "2024-09-01 22:52:39 +0000"
    },
    "done": true
  },
  "minecraft:recipes/building_blocks/polished_granite_slab_from_polished_granite_stonecutting": {
    "criteria": {
      "has_polished_granite": "2024-09-01 22:51:47 +0000"
    },
    "done": true
  },
  "minecraft:recipes/building_blocks/granite_slab": {
    "criteria": {
      "has_granite": "2024-09-01 22:51:44 +0000"
    },
    "done": true
  },
  "minecraft:recipes/transportation/cherry_chest_boat": {
    "criteria": {
      "has_boat": "2024-09-01 22:52:11 +0000"
    },
    "done": true
  },
  "minecraft:recipes/transportation/birch_chest_boat": {
    "criteria": {
      "has_boat": "2024-09-01 22:52:11 +0000"
    },
    "done": true
  },
  "minecraft:recipes/decorations/purple_banner": {
    "criteria": {
      "has_purple_wool": "2024-09-01 22:51:37 +0000"
    },
    "done": true
  },
  "minecraft:recipes/building_blocks/dye_black_carpet": {
    "criteria": {
      "has_needed_dye": "2024-09-01 22:52:47 +0000"
    },
    "done": true
  },
  "minecraft:recipes/building_blocks/andesite_slab_from_andesite_stonecutting": {
    "criteria": {
      "has_andesite": "2024-09-01 22:51:48 +0000"
    },
    "done": true
  },
  "minecraft:recipes/redstone/light_weighted_pressure_plate": {
    "criteria": {
      "has_gold_ingot": "2024-09-01 22:52:39 +0000"
    },
    "done": true
  },
  "extendedslabs:recipes/building_blocks/cut_red_sandstone_stairs_from_cut_red_sandstone_corner": {
    "criteria": {
      "has_item": "2024-09-01 22:51:48 +0000"
    },
    "done": true
  },
  "minecraft:recipes/building_blocks/waxed_oxidized_cut_copper_stairs_from_honeycomb": {
    "criteria": {
      "has_oxidized_cut_copper_stairs": "2024-09-01 22:51:58 +0000"
    },
    "done": true
  },
  "minecraft:recipes/building_blocks/mossy_cobblestone_slab": {
    "criteria": {
      "has_mossy_cobblestone": "2024-09-01 22:51:46 +0000"
    },
    "done": true
  },
  "extendedslabs:recipes/building_blocks/diorite_corner_from_diorite_stairs": {
    "criteria": {
      "has_item": "2024-09-01 22:51:43 +0000"
    },
    "done": true
  },
  "minecraft:recipes/misc/conduit": {
    "criteria": {
      "has_nautilus_shell": "2024-09-01 22:52:48 +0000"
    },
    "done": true
  },
  "extendedslabs:recipes/building_blocks/stone_brick_corner_from_stone_brick_stairs": {
    "criteria": {
      "has_item": "2024-09-01 22:51:45 +0000"
    },
    "done": true
  },
  "minecraft:recipes/decorations/green_candle": {
    "criteria": {
      "has_green_dye": "2024-09-01 22:52:47 +0000"
    },
    "done": true
  },
  "minecraft:recipes/tools/lead": {
    "criteria": {
      "has_slime_ball": "2024-09-01 22:52:38 +0000"
    },
    "done": true
  },
  "minecraft:recipes/building_blocks/waxed_cut_copper_slab_from_waxed_copper_block_stonecutting": {
    "criteria": {
      "has_waxed_copper_block": "2024-09-01 22:51:51 +0000"
    },
    "done": true
  },
  "minecraft:recipes/decorations/lodestone": {
    "criteria": {
      "has_netherite_ingot": "2024-09-01 22:52:41 +0000"
    },
    "done": true
  },
  "minecraft:recipes/building_blocks/polished_granite_slab": {
    "criteria": {
      "has_polished_granite": "2024-09-01 22:51:47 +0000"
    },
    "done": true
  },
  "minecraft:recipes/building_blocks/waxed_weathered_cut_copper_from_waxed_weathered_copper_stonecutting": {
    "criteria": {
      "has_waxed_weathered_copper": "2024-09-01 22:51:53 +0000"
    },
    "done": true
  },
  "minecraft:recipes/building_blocks/quartz_block": {
    "criteria": {
      "has_quartz": "2024-09-01 22:52:44 +0000"
    },
    "done": true
  },
  "minecraft:recipes/decorations/gray_candle": {
    "criteria": {
      "has_gray_dye": "2024-09-01 22:52:47 +0000"
    },
    "done": true
  },
  "minecraft:recipes/redstone/daylight_detector": {
    "criteria": {
      "has_quartz": "2024-09-01 22:52:44 +0000"
    },
    "done": true
  },
  "minecraft:recipes/combat/netherite_helmet_smithing": {
    "criteria": {
      "has_netherite_ingot": "2024-09-01 22:52:41 +0000"
    },
    "done": true
  },
  "minecraft:recipes/decorations/gray_stained_glass_pane_from_glass_pane": {
    "criteria": {
      "has_gray_dye": "2024-09-01 22:52:47 +0000"
    },
    "done": true
  },
  "minecraft:recipes/combat/diamond_boots": {
    "criteria": {
      "has_diamond": "2024-09-01 22:52:39 +0000"
    },
    "done": true
  },
  "minecraft:recipes/building_blocks/mossy_cobblestone_stairs": {
    "criteria": {
      "has_mossy_cobblestone": "2024-09-01 22:51:46 +0000"
    },
    "done": true
  },
  "extendedslabs:recipes/building_blocks/deepslate_brick_corner_from_deepslate_brick_stairs": {
    "criteria": {
      "has_item": "2024-09-01 22:51:43 +0000"
    },
    "done": true
  },
  "minecraft:recipes/combat/iron_sword": {
    "criteria": {
      "has_iron_ingot": "2024-09-01 22:52:38 +0000"
    },
    "done": true
  },
  "minecraft:recipes/redstone/observer": {
    "criteria": {
      "has_quartz": "2024-09-01 22:52:44 +0000"
    },
    "done": true
  },
  "minecraft:recipes/tools/iron_pickaxe": {
    "criteria": {
      "has_iron_ingot": "2024-09-01 22:52:38 +0000"
    },
    "done": true
  },
  "minecraft:recipes/building_blocks/polished_granite_stairs": {
    "criteria": {
      "has_polished_granite": "2024-09-01 22:51:47 +0000"
    },
    "done": true
  },
  "minecraft:recipes/building_blocks/copper_block": {
    "criteria": {
      "has_copper_ingot": "2024-09-01 22:52:38 +0000"
    },
    "done": true
  },
  "extendedslabs:recipes/building_blocks/vertical_andesite_slab": {
    "criteria": {
      "has_item": "2024-09-01 22:51:48 +0000"
    },
    "done": true
  },
  "minecraft:recipes/building_blocks/waxed_weathered_cut_copper_stairs_from_waxed_weathered_cut_copper_stonecutting": {
    "criteria": {
      "has_waxed_weathered_cut_copper": "2024-09-01 22:51:54 +0000"
    },
    "done": true
  },
  "extendedslabs:recipes/building_blocks/mossy_stone_brick_corner_from_mossy_stone_brick_stairs": {
    "criteria": {
      "has_item": "2024-09-01 22:51:44 +0000"
    },
    "done": true
  },
  "minecraft:recipes/transportation/detector_rail": {
    "criteria": {
      "has_rail": "2024-09-01 22:52:16 +0000"
    },
    "done": true
  },
  "extendedslabs:recipes/building_blocks/magenta_wool_slab": {
    "criteria": {
      "has_item": "2024-09-01 22:51:37 +0000"
    },
    "done": true
  },
  "minecraft:recipes/combat/shield": {
    "criteria": {
      "has_iron_ingot": "2024-09-01 22:52:38 +0000"
    },
    "done": true
  },
  "minecraft:recipes/redstone/hopper": {
    "criteria": {
      "has_iron_ingot": "2024-09-01 22:52:37 +0000"
    },
    "done": true
  },
  "extendedslabs:recipes/building_blocks/crimson_hyphae_corner_from_crimson_hyphae_stairs": {
    "criteria": {
      "has_item": "2024-09-01 22:51:41 +0000"
    },
    "done": true
  },
  "minecraft:recipes/redstone/calibrated_sculk_sensor": {
    "criteria": {
      "has_amethyst_shard": "2024-09-01 22:52:43 +0000"
    },
    "done": true
  },
  "minecraft:recipes/decorations/magenta_carpet": {
    "criteria": {
      "has_magenta_wool": "2024-09-01 22:51:37 +0000"
    },
    "done": true
  },
  "minecraft:recipes/misc/creeper_banner_pattern": {
    "criteria": {
      "has_creeper_head": "2024-09-01 22:51:33 +0000"
    },
    "done": true
  },
  "minecraft:recipes/misc/gold_ingot_from_smelting_raw_gold": {
    "criteria": {
      "has_raw_gold": "2024-09-01 22:52:38 +0000"
    },
    "done": true
  },
  "extendedslabs:recipes/building_blocks/waxed_exposed_cut_copper_vertical_slab_from_waxed_exposed_cut_copper_stonecutting": {
    "criteria": {
      "has_waxed_exposed_cut_copper": "2024-09-01 22:51:52 +0000"
    },
    "done": true
  },
  "minecraft:recipes/building_blocks/andesite_stairs_from_andesite_stonecutting": {
    "criteria": {
      "has_andesite": "2024-09-01 22:51:48 +0000"
    },
    "done": true
  },
  "minecraft:recipes/decorations/iron_bars": {
    "criteria": {
      "has_iron_ingot": "2024-09-01 22:52:38 +0000"
    },
    "done": true
  },
  "minecraft:recipes/building_blocks/tinted_glass": {
    "criteria": {
      "has_amethyst_shard": "2024-09-01 22:52:43 +0000"
    },
    "done": true
  },
  "minecraft:recipes/redstone/comparator": {
    "criteria": {
      "has_quartz": "2024-09-01 22:52:44 +0000"
    },
    "done": true
  },
  "extendedslabs:recipes/building_blocks/vertical_black_wool_slab_from_black_wool_slab": {
    "criteria": {
      "has_item": "2024-09-01 22:51:38 +0000"
    },
    "done": true
  },
  "minecraft:story/lava_bucket": {
    "criteria": {
      "lava_bucket": "2024-09-01 22:52:09 +0000"
    },
    "done": true
  },
  "minecraft:recipes/building_blocks/netherite_block": {
    "criteria": {
      "has_netherite_ingot": "2024-09-01 22:52:41 +0000"
    },
    "done": true
  },
  "minecraft:recipes/building_blocks/quartz_stairs": {
    "criteria": {
      "has_quartz_pillar": "2024-09-01 22:51:49 +0000"
    },
    "done": true
  },
  "minecraft:recipes/transportation/dark_oak_chest_boat": {
    "criteria": {
      "has_boat": "2024-09-01 22:52:11 +0000"
    },
    "done": true
  },
  "minecraft:recipes/food/cooked_beef_from_smoking": {
    "criteria": {
      "has_beef": "2024-09-01 22:52:36 +0000"
    },
    "done": true
  },
  "minecraft:recipes/building_blocks/smooth_quartz": {
    "criteria": {
      "has_quartz_block": "2024-09-01 22:51:50 +0000"
    },
    "done": true
  },
  "minecraft:recipes/combat/netherite_boots_smithing": {
    "criteria": {
      "has_netherite_ingot": "2024-09-01 22:52:41 +0000"
    },
    "done": true
  },
  "minecraft:recipes/building_blocks/waxed_exposed_cut_copper_slab_from_waxed_exposed_copper_stonecutting": {
    "criteria": {
      "has_waxed_exposed_copper": "2024-09-01 22:51:52 +0000"
    },
    "done": true
  },
  "minecraft:recipes/building_blocks/granite_stairs": {
    "criteria": {
      "has_granite": "2024-09-01 22:51:44 +0000"
    },
    "done": true
  },
  "minecraft:recipes/building_blocks/dye_black_bed": {
    "criteria": {
      "has_needed_dye": "2024-09-01 22:52:47 +0000"
    },
    "done": true
  },
  "minecraft:recipes/tools/brush": {
    "criteria": {
      "has_copper_ingot": "2024-09-01 22:52:38 +0000"
    },
    "done": true
  },
  "minecraft:recipes/tools/netherite_shovel_smithing": {
    "criteria": {
      "has_netherite_ingot": "2024-09-01 22:52:41 +0000"
    },
    "done": true
  },
  "extendedslabs:recipes/building_blocks/vertical_purple_wool_slab": {
    "criteria": {
      "has_item": "2024-09-01 22:51:37 +0000"
    },
    "done": true
  },
  "minecraft:recipes/building_blocks/dye_gray_carpet": {
    "criteria": {
      "has_needed_dye": "2024-09-01 22:52:47 +0000"
    },
    "done": true
  },
  "minecraft:recipes/misc/leather": {
    "criteria": {
      "has_rabbit_hide": "2024-09-01 22:52:44 +0000"
    },
    "done": true
  },
  "minecraft:recipes/transportation/bamboo_chest_raft": {
    "criteria": {
      "has_boat": "2024-09-01 22:52:11 +0000"
    },
    "done": true
  },
  "extendedslabs:recipes/building_blocks/vertical_acacia_wood_slab_from_acacia_wood_slab": {
    "criteria": {
      "has_item": "2024-09-01 23:14:53 +0000"
    },
    "done": true
  },
  "extendedslabs:recipes/building_blocks/vertical_smooth_stone_slab_from_smooth_stone_slab": {
    "criteria": {
      "has_item": "2024-09-01 22:51:45 +0000"
    },
    "done": true
  },
  "minecraft:recipes/building_blocks/jungle_planks": {
    "criteria": {
      "has_logs": "2024-09-01 22:51:40 +0000"
    },
    "done": true
  },
  "minecraft:recipes/building_blocks/raw_gold_block": {
    "criteria": {
      "has_raw_gold": "2024-09-01 22:52:38 +0000"
    },
    "done": true
  },
  "minecraft:recipes/combat/iron_boots": {
    "criteria": {
      "has_iron_ingot": "2024-09-01 22:52:38 +0000"
    },
    "done": true
  },
  "minecraft:recipes/building_blocks/chiseled_quartz_block": {
    "criteria": {
      "has_quartz_pillar": "2024-09-01 22:51:49 +0000"
    },
    "done": true
  },
  "minecraft:recipes/building_blocks/birch_planks": {
    "criteria": {
      "has_logs": "2024-09-01 22:51:39 +0000"
    },
    "done": true
  },
  "minecraft:recipes/building_blocks/granite_stairs_from_granite_stonecutting": {
    "criteria": {
      "has_granite": "2024-09-01 22:51:44 +0000"
    },
    "done": true
  },
  "minecraft:recipes/building_blocks/waxed_weathered_cut_copper_slab_from_waxed_weathered_copper_stonecutting": {
    "criteria": {
      "has_waxed_weathered_copper": "2024-09-01 22:51:53 +0000"
    },
    "done": true
  },
  "minecraft:recipes/building_blocks/dye_light_blue_wool": {
    "criteria": {
      "has_needed_dye": "2024-09-01 22:52:47 +0000"
    },
    "done": true
  },
  "minecraft:recipes/building_blocks/polished_granite_stairs_from_polished_granite_stonecutting": {
    "criteria": {
      "has_polished_granite": "2024-09-01 22:51:47 +0000"
    },
    "done": true
  },
  "minecraft:recipes/redstone/sticky_piston": {
    "criteria": {
      "has_slime_ball": "2024-09-01 22:52:38 +0000"
    },
    "done": true
  },
  "minecraft:recipes/building_blocks/oxidized_cut_copper_slab": {
    "criteria": {
      "has_oxidized_cut_copper": "2024-09-01 22:51:51 +0000"
    },
    "done": true
  },
  "minecraft:recipes/decorations/magenta_banner": {
    "criteria": {
      "has_magenta_wool": "2024-09-01 22:51:37 +0000"
    },
    "done": true
  },
  "minecraft:recipes/misc/iron_ingot_from_smelting_raw_iron": {
    "criteria": {
      "has_raw_iron": "2024-09-01 22:52:37 +0000"
    },
    "done": true
  },
  "minecraft:recipes/tools/stone_pickaxe": {
    "criteria": {
      "has_cobblestone": "2024-09-01 22:51:47 +0000"
    },
    "done": true
  },
  "extendedslabs:recipes/building_blocks/jungle_wood_slab": {
    "criteria": {
      "has_item": "2024-09-01 22:51:40 +0000"
    },
    "done": true
  },
  "minecraft:recipes/misc/black_dye": {
    "criteria": {
      "has_ink_sac": "2024-09-01 22:52:37 +0000"
    },
    "done": true
  },
  "minecraft:recipes/building_blocks/waxed_cut_copper_from_waxed_copper_block_stonecutting": {
    "criteria": {
      "has_waxed_copper_block": "2024-09-01 22:51:51 +0000"
    },
    "done": true
  },
  "minecraft:recipes/building_blocks/dried_kelp_block": {
    "criteria": {
      "has_dried_kelp": "2024-09-01 22:52:36 +0000"
    },
    "done": true
  },
  "minecraft:recipes/building_blocks/quartz_bricks_from_quartz_block_stonecutting": {
    "criteria": {
      "has_quartz_block": "2024-09-01 22:51:50 +0000"
    },
    "done": true
  },
  "minecraft:recipes/decorations/lantern": {
    "criteria": {
      "has_iron_nugget": "2024-09-01 22:52:37 +0000"
    },
    "done": true
  },
  "minecraft:recipes/misc/orange_dye_from_red_yellow": {
    "criteria": {
      "has_yellow_dye": "2024-09-01 22:52:47 +0000"
    },
    "done": true
  },
  "minecraft:recipes/building_blocks/dye_light_blue_bed": {
    "criteria": {
      "has_needed_dye": "2024-09-01 22:52:47 +0000"
    },
    "done": true
  },
  "extendedslabs:recipes/building_blocks/birch_wood_slab_from_vertical_birch_wood_slab": {
    "criteria": {
      "has_item": "2024-09-01 22:51:39 +0000"
    },
    "done": true
  },
  "extendedslabs:recipes/building_blocks/magenta_wool_stairs": {
    "criteria": {
      "has_item": "2024-09-01 22:51:37 +0000"
    },
    "done": true
  },
  "minecraft:recipes/misc/red_dye_from_beetroot": {
    "criteria": {
      "has_beetroot": "2024-09-01 22:52:35 +0000"
    },
    "done": true
  },
  "framedblocks:recipes/building_blocks/framed_half_stairs": {
    "criteria": {
      "hasFramedStairs": "2024-09-01 22:15:02 +0000"
    },
    "done": true
  },
  "minecraft:recipes/decorations/respawn_anchor": {
    "criteria": {
      "has_obsidian": "2024-09-01 22:51:24 +0000"
    },
    "done": true
  },
  "minecraft:recipes/decorations/granite_wall": {
    "criteria": {
      "has_granite": "2024-09-01 22:51:44 +0000"
    },
    "done": true
  },
  "extendedslabs:recipes/building_blocks/cobblestone_vertical_slab_from_cobblestone_stonecutting": {
    "criteria": {
      "has_cobblestone": "2024-09-01 22:51:47 +0000"
    },
    "done": true
  },
  "minecraft:recipes/decorations/mossy_cobblestone_wall": {
    "criteria": {
      "has_mossy_cobblestone": "2024-09-01 22:51:46 +0000"
    },
    "done": true
  },
  "minecraft:recipes/food/cooked_chicken_from_smoking": {
    "criteria": {
      "has_chicken": "2024-09-01 22:52:36 +0000"
    },
    "done": true
  },
  "extendedslabs:recipes/building_blocks/andesite_vertical_slab_from_andesite_stonecutting": {
    "criteria": {
      "has_andesite": "2024-09-01 22:51:48 +0000"
    },
    "done": true
  },
  "minecraft:recipes/building_blocks/mossy_stone_brick_stairs": {
    "criteria": {
      "has_mossy_stone_bricks": "2024-09-01 22:51:44 +0000"
    },
    "done": true
  },
  "minecraft:recipes/building_blocks/polished_granite_slab_from_granite_stonecutting": {
    "criteria": {
      "has_granite": "2024-09-01 22:51:44 +0000"
    },
    "done": true
  },
  "minecraft:recipes/building_blocks/polished_andesite_from_andesite_stonecutting": {
    "criteria": {
      "has_andesite": "2024-09-01 22:51:48 +0000"
    },
    "done": true
  },
  "minecraft:recipes/tools/iron_shovel": {
    "criteria": {
      "has_iron_ingot": "2024-09-01 22:52:37 +0000"
    },
    "done": true
  },
  "extendedslabs:recipes/building_blocks/vertical_mossy_stone_brick_slab": {
    "criteria": {
      "has_item": "2024-09-01 22:51:44 +0000"
    },
    "done": true
  },
  "extendedslabs:recipes/building_blocks/crimson_hyphae_slab_from_vertical_crimson_hyphae_slab": {
    "criteria": {
      "has_item": "2024-09-01 22:51:41 +0000"
    },
    "done": true
  },
  "extendedslabs:recipes/building_blocks/vertical_magenta_wool_slab": {
    "criteria": {
      "has_item": "2024-09-01 22:51:37 +0000"
    },
    "done": true
  },
  "minecraft:recipes/decorations/black_stained_glass_pane_from_glass_pane": {
    "criteria": {
      "has_black_dye": "2024-09-01 22:52:47 +0000"
    },
    "done": true
  },
  "minecraft:recipes/misc/lapis_lazuli": {
    "criteria": {
      "has_lapis_block": "2024-09-01 22:51:50 +0000"
    },
    "done": true
  },
  "minecraft:recipes/combat/diamond_helmet": {
    "criteria": {
      "has_diamond": "2024-09-01 22:52:39 +0000"
    },
    "done": true
  },
  "minecraft:recipes/building_blocks/waxed_exposed_cut_copper_stairs_from_waxed_exposed_cut_copper_stonecutting": {
    "criteria": {
      "has_waxed_exposed_cut_copper": "2024-09-01 22:51:52 +0000"
    },
    "done": true
  },
  "extendedslabs:recipes/building_blocks/bamboo_corner_from_bamboo_stairs": {
    "criteria": {
      "has_item": "2024-09-01 22:51:41 +0000"
    },
    "done": true
  },
  "extendedslabs:recipes/building_blocks/vertical_waxed_weathered_cut_copper_slab": {
    "criteria": {
      "has_item": "2024-09-01 22:51:54 +0000"
    },
    "done": true
  },
  "minecraft:recipes/tools/netherite_axe_smithing": {
    "criteria": {
      "has_netherite_ingot": "2024-09-01 22:52:41 +0000"
    },
    "done": true
  },
  "extendedslabs:recipes/building_blocks/vertical_waxed_oxidized_cut_copper_slab_from_waxed_oxidized_cut_copper_slab": {
    "criteria": {
      "has_item": "2024-09-01 22:51:53 +0000"
    },
    "done": true
  },
  "minecraft:recipes/misc/netherite_ingot_from_netherite_block": {
    "criteria": {
      "has_netherite_block": "2024-09-01 22:51:51 +0000"
    },
    "done": true
  },
  "minecraft:recipes/building_blocks/dye_light_blue_carpet": {
    "criteria": {
      "has_needed_dye": "2024-09-01 22:52:47 +0000"
    },
    "done": true
  },
  "minecraft:recipes/building_blocks/polished_andesite": {
    "criteria": {
      "has_andesite": "2024-09-01 22:51:48 +0000"
    },
    "done": true
  },
  "extendedslabs:recipes/building_blocks/polished_granite_vertical_slab_from_polished_granite_stonecutting": {
    "criteria": {
      "has_polished_granite": "2024-09-01 22:51:47 +0000"
    },
    "done": true
  },
  "minecraft:recipes/building_blocks/dye_yellow_carpet": {
    "criteria": {
      "has_needed_dye": "2024-09-01 22:52:47 +0000"
    },
    "done": true
  },
  "minecraft:recipes/misc/iron_ingot_from_iron_block": {
    "criteria": {
      "has_iron_block": "2024-09-01 22:51:51 +0000"
    },
    "done": true
  },
  "minecraft:recipes/building_blocks/polished_granite": {
    "criteria": {
      "has_granite": "2024-09-01 22:51:44 +0000"
    },
    "done": true
  },
  "extendedslabs:recipes/building_blocks/waxed_oxidized_cut_copper_corner_from_waxed_oxidized_cut_copper_stairs": {
    "criteria": {
      "has_item": "2024-09-01 22:51:53 +0000"
    },
    "done": true
  },
  "minecraft:recipes/building_blocks/waxed_exposed_cut_copper_slab_from_waxed_exposed_cut_copper_stonecutting": {
    "criteria": {
      "has_waxed_exposed_cut_copper": "2024-09-01 22:51:52 +0000"
    },
    "done": true
  },
  "minecraft:recipes/decorations/yellow_stained_glass_pane_from_glass_pane": {
    "criteria": {
      "has_yellow_dye": "2024-09-01 22:52:47 +0000"
    },
    "done": true
  },
  "minecraft:recipes/combat/golden_sword": {
    "criteria": {
      "has_gold_ingot": "2024-09-01 22:52:39 +0000"
    },
    "done": true
  },
  "minecraft:end/elytra": {
    "criteria": {
      "elytra": "2024-09-01 22:52:12 +0000"
    },
    "done": true
  },
  "extendedslabs:recipes/building_blocks/vertical_birch_wood_slab": {
    "criteria": {
      "has_item": "2024-09-01 22:51:40 +0000"
    },
    "done": true
  },
  "minecraft:recipes/redstone/redstone_lamp": {
    "criteria": {
      "has_glowstone": "2024-09-01 22:51:28 +0000"
    },
    "done": true
  },
  "minecraft:recipes/building_blocks/mossy_cobblestone_slab_from_mossy_cobblestone_stonecutting": {
    "criteria": {
      "has_mossy_cobblestone": "2024-09-01 22:51:46 +0000"
    },
    "done": true
  },
  "minecraft:recipes/building_blocks/cobblestone_slab": {
    "criteria": {
      "has_cobblestone": "2024-09-01 22:51:47 +0000"
    },
    "done": true
  },
  "extendedslabs:recipes/building_blocks/granite_vertical_slab_from_granite_stonecutting": {
    "criteria": {
      "has_granite": "2024-09-01 22:51:44 +0000"
    },
    "done": true
  },
  "extendedslabs:recipes/building_blocks/tinted_glass_stairs": {
    "criteria": {
      "has_item": "2024-09-01 22:51:32 +0000"
    },
    "done": true
  },
  "minecraft:recipes/building_blocks/gold_block": {
    "criteria": {
      "has_gold_ingot": "2024-09-01 22:52:39 +0000"
    },
    "done": true
  },
  "minecraft:recipes/brewing/cauldron": {
    "criteria": {
      "has_water_bucket": "2024-09-01 22:52:09 +0000"
    },
    "done": true
  },
  "minecraft:recipes/decorations/armor_stand": {
    "criteria": {
      "has_stone_slab": "2024-09-01 22:51:45 +0000"
    },
    "done": true
  },
  "minecraft:recipes/redstone/iron_trapdoor": {
    "criteria": {
      "has_iron_ingot": "2024-09-01 22:52:38 +0000"
    },
    "done": true
  },
  "extendedslabs:recipes/building_blocks/vertical_stone_slab_from_stone_slab": {
    "criteria": {
      "has_item": "2024-09-01 22:51:45 +0000"
    },
    "done": true
  },
  "minecraft:recipes/building_blocks/white_wool_from_string": {
    "criteria": {
      "has_string": "2024-09-01 22:52:38 +0000"
    },
    "done": true
  },
  "minecraft:recipes/building_blocks/chiseled_quartz_block_from_quartz_block_stonecutting": {
    "criteria": {
      "has_quartz_block": "2024-09-01 22:51:50 +0000"
    },
    "done": true
  },
  "extendedslabs:recipes/building_blocks/vertical_white_wool_slab_from_white_wool_slab": {
    "criteria": {
      "has_item": "2024-09-01 22:51:37 +0000"
    },
    "done": true
  },
  "extendedslabs:recipes/building_blocks/waxed_weathered_cut_copper_vertical_slab_from_waxed_weathered_cut_copper_stonecutting": {
    "criteria": {
      "has_waxed_weathered_cut_copper": "2024-09-01 22:51:54 +0000"
    },
    "done": true
  },
  "minecraft:recipes/brewing/blaze_powder": {
    "criteria": {
      "has_blaze_rod": "2024-09-01 22:52:44 +0000"
    },
    "done": true
  },
  "minecraft:recipes/misc/iron_ingot_from_blasting_raw_iron": {
    "criteria": {
      "has_raw_iron": "2024-09-01 22:52:37 +0000"
    },
    "done": true
  },
  "minecraft:recipes/redstone/slime_block": {
    "criteria": {
      "has_slime_ball": "2024-09-01 22:52:38 +0000"
    },
    "done": true
  },
  "minecraft:recipes/building_blocks/amethyst_block": {
    "criteria": {
      "has_amethyst_shard": "2024-09-01 22:52:43 +0000"
    },
    "done": true
  },
  "minecraft:recipes/decorations/gray_banner": {
    "criteria": {
      "has_gray_wool": "2024-09-01 22:51:38 +0000"
    },
    "done": true
  },
  "minecraft:husbandry/obtain_netherite_hoe": {
    "criteria": {
      "netherite_hoe": "2024-09-01 22:52:06 +0000"
    },
    "done": true
  },
  "extendedslabs:recipes/building_blocks/vertical_waxed_cut_copper_slab_from_waxed_cut_copper_slab": {
    "criteria": {
      "has_item": "2024-09-01 22:51:52 +0000"
    },
    "done": true
  },
  "minecraft:recipes/tools/iron_axe": {
    "criteria": {
      "has_iron_ingot": "2024-09-01 22:52:38 +0000"
    },
    "done": true
  },
  "minecraft:recipes/building_blocks/quartz_slab_from_stonecutting": {
    "criteria": {
      "has_quartz_block": "2024-09-01 22:51:50 +0000"
    },
    "done": true
  },
  "minecraft:recipes/decorations/cartography_table": {
    "criteria": {
      "has_paper": "2024-09-01 22:52:48 +0000"
    },
    "done": true
  },
  "extendedslabs:recipes/building_blocks/vertical_mossy_stone_brick_slab_from_mossy_stone_brick_slab": {
    "criteria": {
      "has_item": "2024-09-01 22:51:44 +0000"
    },
    "done": true
  },
  "minecraft:recipes/combat/crossbow": {
    "criteria": {
      "has_iron_ingot": "2024-09-01 22:52:38 +0000"
    },
    "done": true
  },
  "extendedslabs:recipes/building_blocks/mossy_cobblestone_vertical_slab_from_cobblestone_stonecutting": {
    "criteria": {
      "has_mossy_cobblestone": "2024-09-01 22:51:46 +0000"
    },
    "done": true
  },
  "extendedslabs:recipes/building_blocks/vertical_gray_wool_slab": {
    "criteria": {
      "has_item": "2024-09-01 22:51:38 +0000"
    },
    "done": true
  },
  "extendedslabs:recipes/building_blocks/vertical_polished_granite_slab": {
    "criteria": {
      "has_item": "2024-09-01 22:51:47 +0000"
    },
    "done": true
  },
  "minecraft:recipes/decorations/cobblestone_wall_from_cobblestone_stonecutting": {
    "criteria": {
      "has_cobblestone": "2024-09-01 22:51:47 +0000"
    },
    "done": true
  },
  "minecraft:recipes/decorations/grindstone": {
    "criteria": {
      "has_stone_slab": "2024-09-01 22:51:45 +0000"
    },
    "done": true
  },
  "minecraft:recipes/building_blocks/diamond_block": {
    "criteria": {
      "has_diamond": "2024-09-01 22:52:39 +0000"
    },
    "done": true
  },
  "minecraft:recipes/building_blocks/waxed_exposed_cut_copper": {
    "criteria": {
      "has_waxed_exposed_copper": "2024-09-01 22:51:52 +0000"
    },
    "done": true
  },
  "minecraft:recipes/decorations/andesite_wall": {
    "criteria": {
      "has_andesite": "2024-09-01 22:51:48 +0000"
    },
    "done": true
  },
  "minecraft:recipes/building_blocks/andesite_slab": {
    "criteria": {
      "has_andesite": "2024-09-01 22:51:48 +0000"
    },
    "done": true
  },
  "minecraft:recipes/building_blocks/waxed_cut_copper_stairs_from_waxed_copper_block_stonecutting": {
    "criteria": {
      "has_waxed_copper_block": "2024-09-01 22:51:51 +0000"
    },
    "done": true
  },
  "minecraft:recipes/building_blocks/cobblestone_stairs_from_cobblestone_stonecutting": {
    "criteria": {
      "has_cobblestone": "2024-09-01 22:51:47 +0000"
    },
    "done": true
  },
  "minecraft:recipes/building_blocks/polished_andesite_stairs_from_andesite_stonecutting": {
    "criteria": {
      "has_andesite": "2024-09-01 22:51:48 +0000"
    },
    "done": true
  },
  "minecraft:recipes/tools/golden_hoe": {
    "criteria": {
      "has_gold_ingot": "2024-09-01 22:52:39 +0000"
    },
    "done": true
  },
  "minecraft:recipes/building_blocks/waxed_exposed_cut_copper_slab": {
    "criteria": {
      "has_waxed_exposed_cut_copper": "2024-09-01 22:51:52 +0000"
    },
    "done": true
  },
  "minecraft:recipes/tools/netherite_pickaxe_smithing": {
    "criteria": {
      "has_netherite_ingot": "2024-09-01 22:52:41 +0000"
    },
    "done": true
  },
  "minecraft:recipes/building_blocks/cobblestone_stairs": {
    "criteria": {
      "has_cobblestone": "2024-09-01 22:51:47 +0000"
    },
    "done": true
  },
  "minecraft:recipes/building_blocks/dye_green_carpet": {
    "criteria": {
      "has_needed_dye": "2024-09-01 22:52:47 +0000"
    },
    "done": true
  },
  "minecraft:recipes/building_blocks/dye_yellow_bed": {
    "criteria": {
      "has_needed_dye": "2024-09-01 22:52:47 +0000"
    },
    "done": true
  },
  "minecraft:recipes/building_blocks/mossy_stone_brick_stairs_from_mossy_stone_brick_stonecutting": {
    "criteria": {
      "has_mossy_stone_bricks": "2024-09-01 22:51:44 +0000"
    },
    "done": true
  },
  "minecraft:recipes/building_blocks/dye_gray_wool": {
    "criteria": {
      "has_needed_dye": "2024-09-01 22:52:47 +0000"
    },
    "done": true
  },
  "minecraft:recipes/decorations/mossy_cobblestone_wall_from_mossy_cobblestone_stonecutting": {
    "criteria": {
      "has_mossy_cobblestone": "2024-09-01 22:51:46 +0000"
    },
    "done": true
  },
  "extendedslabs:recipes/building_blocks/stone_corner_from_stone_stairs": {
    "criteria": {
      "has_item": "2024-09-01 22:51:46 +0000"
    },
    "done": true
  },
  "minecraft:recipes/building_blocks/dye_gray_bed": {
    "criteria": {
      "has_needed_dye": "2024-09-01 22:52:47 +0000"
    },
    "done": true
  },
  "minecraft:recipes/building_blocks/oxidized_cut_copper_slab_from_oxidized_cut_copper_stonecutting": {
    "criteria": {
      "has_oxidized_cut_copper": "2024-09-01 22:51:51 +0000"
    },
    "done": true
  },
  "minecraft:recipes/tools/stone_hoe": {
    "criteria": {
      "has_cobblestone": "2024-09-01 22:51:47 +0000"
    },
    "done": true
  },
  "extendedslabs:recipes/building_blocks/mossy_cobblestone_corner_from_mossy_cobblestone_stairs": {
    "criteria": {
      "has_item": "2024-09-01 22:51:46 +0000"
    },
    "done": true
  },
  "minecraft:recipes/decorations/ender_chest": {
    "criteria": {
      "has_ender_eye": "2024-09-01 22:51:35 +0000"
    },
    "done": true
  },
  "framedblocks:recipes/building_blocks/framed_stairs_rotate_to_framed_vertical_stairs": {
    "criteria": {
      "hasFramedStairs": "2024-09-01 22:15:02 +0000"
    },
    "done": true
  },
  "minecraft:story/mine_diamond": {
    "criteria": {
      "diamond": "2024-09-01 22:52:39 +0000"
    },
    "done": true
  },
  "minecraft:recipes/building_blocks/polished_granite_stairs_from_granite_stonecutting": {
    "criteria": {
      "has_granite": "2024-09-01 22:51:44 +0000"
    },
    "done": true
  },
  "minecraft:recipes/decorations/anvil": {
    "criteria": {
      "has_iron_block": "2024-09-01 22:51:51 +0000"
    },
    "done": true
  },
  "minecraft:recipes/decorations/black_candle": {
    "criteria": {
      "has_black_dye": "2024-09-01 22:52:47 +0000"
    },
    "done": true
  },
  "minecraft:recipes/decorations/mossy_stone_brick_wall_from_mossy_stone_brick_stonecutting": {
    "criteria": {
      "has_mossy_stone_bricks": "2024-09-01 22:51:44 +0000"
    },
    "done": true
  },
  "minecraft:recipes/decorations/loom": {
    "criteria": {
      "has_string": "2024-09-01 22:52:38 +0000"
    },
    "done": true
  },
  "minecraft:recipes/tools/diamond_axe": {
    "criteria": {
      "has_diamond": "2024-09-01 22:52:39 +0000"
    },
    "done": true
  },
  "extendedslabs:recipes/building_blocks/birch_wood_slab": {
    "criteria": {
      "has_item": "2024-09-01 22:51:40 +0000"
    },
    "done": true
  },
  "minecraft:recipes/tools/stone_shovel": {
    "criteria": {
      "has_cobblestone": "2024-09-01 22:51:47 +0000"
    },
    "done": true
  },
  "minecraft:recipes/building_blocks/waxed_weathered_cut_copper": {
    "criteria": {
      "has_waxed_weathered_copper": "2024-09-01 22:51:53 +0000"
    },
    "done": true
  },
  "extendedslabs:recipes/building_blocks/vertical_granite_slab": {
    "criteria": {
      "has_item": "2024-09-01 22:51:44 +0000"
    },
    "done": true
  },
  "minecraft:recipes/building_blocks/dye_black_wool": {
    "criteria": {
      "has_needed_dye": "2024-09-01 22:52:47 +0000"
    },
    "done": true
  },
  "minecraft:recipes/brewing/brewing_stand": {
    "criteria": {
      "has_blaze_rod": "2024-09-01 22:52:44 +0000"
    },
    "done": true
  },
  "minecraft:recipes/building_blocks/dye_green_wool": {
    "criteria": {
      "has_needed_dye": "2024-09-01 22:52:47 +0000"
    },
    "done": true
  },
  "minecraft:recipes/decorations/light_blue_candle": {
    "criteria": {
      "has_light_blue_dye": "2024-09-01 22:52:47 +0000"
    },
    "done": true
  },
  "minecraft:recipes/building_blocks/mossy_stone_brick_slab_from_mossy_stone_brick_stonecutting": {
    "criteria": {
      "has_mossy_stone_bricks": "2024-09-01 22:51:44 +0000"
    },
    "done": true
  },
  "minecraft:recipes/food/cooked_beef": {
    "criteria": {
      "has_beef": "2024-09-01 22:52:36 +0000"
    },
    "done": true
  },
  "minecraft:recipes/redstone/iron_door": {
    "criteria": {
      "has_iron_ingot": "2024-09-01 22:52:38 +0000"
    },
    "done": true
  },
  "minecraft:recipes/building_blocks/waxed_oxidized_cut_copper_from_honeycomb": {
    "criteria": {
      "has_oxidized_cut_copper": "2024-09-01 22:51:51 +0000"
    },
    "done": true
  },
  "extendedslabs:recipes/building_blocks/vertical_oxidized_cut_copper_slab_from_oxidized_cut_copper_slab": {
    "criteria": {
      "has_item": "2024-09-01 22:51:51 +0000"
    },
    "done": true
  },
  "minecraft:recipes/transportation/powered_rail": {
    "criteria": {
      "has_rail": "2024-09-01 22:52:16 +0000"
    },
    "done": true
  },
  "minecraft:recipes/misc/iron_ingot_from_nuggets": {
    "criteria": {
      "has_iron_nugget": "2024-09-01 22:52:37 +0000"
    },
    "done": true
  },
  "minecraft:recipes/redstone/heavy_weighted_pressure_plate": {
    "criteria": {
      "has_iron_ingot": "2024-09-01 22:52:38 +0000"
    },
    "done": true
  },
  "extendedslabs:recipes/building_blocks/polished_granite_vertical_slab_from_granite_stonecutting": {
    "criteria": {
      "has_granite": "2024-09-01 22:51:44 +0000"
    },
    "done": true
  },
  "minecraft:recipes/combat/golden_leggings": {
    "criteria": {
      "has_gold_ingot": "2024-09-01 22:52:39 +0000"
    },
    "done": true
  },
  "minecraft:recipes/food/cooked_beef_from_campfire_cooking": {
    "criteria": {
      "has_beef": "2024-09-01 22:52:36 +0000"
    },
    "done": true
  },
  "extendedslabs:recipes/building_blocks/pink_wool_corner_from_pink_wool_stairs": {
    "criteria": {
      "has_item": "2024-09-01 22:51:37 +0000"
    },
    "done": true
  },
  "minecraft:recipes/building_blocks/bone_block": {
    "criteria": {
      "has_bone_meal": "2024-09-01 22:52:37 +0000"
    },
    "done": true
  },
  "DataVersion": 3465
}