{
  "minecraft:recipes/decorations/crafting_table": {
    "criteria": {
      "unlock_right_away": "2024-09-01 22:10:11 +0000"
    },
    "done": true
  },
  "minecraft:adventure/adventuring_time": {
    "criteria": {
      "minecraft:frozen_river": "2024-09-01 22:27:08 +0000",
      "minecraft:snowy_plains": "2024-09-01 22:10:12 +0000",
      "minecraft:frozen_ocean": "2024-09-01 22:25:40 +0000",
      "minecraft:snowy_beach": "2024-09-01 22:25:38 +0000"
    },
    "done": false
  },
  "minecraft:recipes/misc/gold_nugget_from_smelting": {
    "criteria": {
      "has_golden_helmet": "2024-09-01 22:25:26 +0000"
    },
    "done": true
  },
  "minecraft:recipes/misc/gold_nugget_from_blasting": {
    "criteria": {
      "has_golden_helmet": "2024-09-01 22:25:26 +0000"
    },
    "done": true
  },
  "DataVersion": 3465
}