{
  "minecraft:recipes/decorations/crafting_table": {
    "criteria": {
      "unlock_right_away": "2024-08-28 18:07:22 +0000"
    },
    "done": true
  },
  "minecraft:adventure/adventuring_time": {
    "criteria": {
      "minecraft:frozen_river": "2024-09-14 00:09:05 +0000",
      "minecraft:snowy_plains": "2024-08-28 18:07:23 +0000",
      "minecraft:frozen_ocean": "2024-09-14 00:10:25 +0000",
      "minecraft:snowy_beach": "2024-08-28 18:09:21 +0000"
    },
    "done": false
  },
  "minecraft:recipes/misc/sugar_from_honey_bottle": {
    "criteria": {
      "has_honey_bottle": "2024-08-28 18:10:07 +0000"
    },
    "done": true
  },
  "minecraft:recipes/redstone/honey_block": {
    "criteria": {
      "has_honey_bottle": "2024-08-28 18:10:07 +0000"
    },
    "done": true
  },
  "minecraft:husbandry/root": {
    "criteria": {
      "consumed_item": "2024-08-28 18:10:11 +0000"
    },
    "done": true
  },
  "minecraft:husbandry/balanced_diet": {
    "criteria": {
      "honey_bottle": "2024-08-28 18:10:11 +0000",
      "cooked_beef": "2024-08-29 21:48:56 +0000"
    },
    "done": false
  },
  "minecraft:adventure/root": {
    "criteria": {
      "killed_by_something": "2024-08-28 18:11:41 +0000"
    },
    "done": true
  },
  "extendedslabs:recipes/building_blocks/vertical_blue_wool_slab": {
    "criteria": {
      "has_item": "2024-08-28 18:17:51 +0000"
    },
    "done": true
  },
  "extendedslabs:recipes/building_blocks/blue_wool_stairs": {
    "criteria": {
      "has_item": "2024-08-28 18:17:51 +0000"
    },
    "done": true
  },
  "minecraft:recipes/decorations/painting": {
    "criteria": {
      "has_wool": "2024-08-28 18:17:51 +0000"
    },
    "done": true
  },
  "minecraft:recipes/decorations/blue_bed": {
    "criteria": {
      "has_blue_wool": "2024-08-28 18:17:51 +0000"
    },
    "done": true
  },
  "minecraft:recipes/decorations/blue_carpet": {
    "criteria": {
      "has_blue_wool": "2024-08-28 18:17:51 +0000"
    },
    "done": true
  },
  "minecraft:recipes/decorations/blue_banner": {
    "criteria": {
      "has_blue_wool": "2024-08-28 18:17:51 +0000"
    },
    "done": true
  },
  "extendedslabs:recipes/building_blocks/blue_wool_slab": {
    "criteria": {
      "has_item": "2024-08-28 18:17:51 +0000"
    },
    "done": true
  },
  "minecraft:recipes/misc/gold_nugget_from_smelting": {
    "criteria": {
      "has_golden_helmet": "2024-08-29 21:43:11 +0000"
    },
    "done": true
  },
  "minecraft:recipes/misc/gold_nugget_from_blasting": {
    "criteria": {
      "has_golden_helmet": "2024-08-29 21:43:11 +0000"
    },
    "done": true
  },
  "minecraft:story/obtain_armor": {
    "criteria": {
      "iron_chestplate": "2024-09-14 00:19:20 +0000"
    },
    "done": true
  },
  "minecraft:recipes/misc/iron_nugget_from_smelting": {
    "criteria": {
      "has_iron_chestplate": "2024-09-14 00:19:20 +0000"
    },
    "done": true
  },
  "minecraft:recipes/misc/iron_nugget_from_blasting": {
    "criteria": {
      "has_iron_chestplate": "2024-09-14 00:19:20 +0000"
    },
    "done": true
  },
  "minecraft:recipes/building_blocks/nether_bricks": {
    "criteria": {
      "has_nether_brick": "2024-09-14 00:21:29 +0000"
    },
    "done": true
  },
  "DataVersion": 3465
}