{
  "minecraft:recipes/decorations/crafting_table": {
    "criteria": {
      "unlock_right_away": "2024-09-01 22:12:44 +0000"
    },
    "done": true
  },
  "minecraft:adventure/adventuring_time": {
    "criteria": {
      "minecraft:frozen_river": "2024-09-01 22:25:47 +0000",
      "minecraft:snowy_plains": "2024-09-01 22:12:45 +0000",
      "minecraft:frozen_ocean": "2024-09-01 22:31:37 +0000",
      "minecraft:snowy_beach": "2024-09-01 22:31:33 +0000"
    },
    "done": false
  },
  "minecraft:recipes/misc/gold_nugget_from_smelting": {
    "criteria": {
      "has_golden_helmet": "2024-09-01 22:26:59 +0000"
    },
    "done": true
  },
  "minecraft:recipes/misc/gold_nugget_from_blasting": {
    "criteria": {
      "has_golden_helmet": "2024-09-01 22:26:59 +0000"
    },
    "done": true
  },
  "DataVersion": 3465
}